entry_ts,exit_ts,entry,exit,ret_net,reason,nights
2020-04-15 23:00:00,2020-04-16 16:30:00,8589.050390625,8685.7,0.011182797283369045,window,1
2020-04-16 23:00:00,2020-04-17 16:30:00,8750.9498046875,8852.9998046875,0.011593027301523175,window,1
2020-04-17 23:00:00,2020-04-20 16:30:00,8823.8501953125,8742.100390625,-0.009332638572133246,window,3
2020-04-20 23:00:00,2020-04-21 16:30:00,8721.65,8638.9001953125,-0.009556655528196949,window,1
2020-04-21 23:00:00,2020-04-22 16:30:00,8399.550390625,8576.100390625,0.02094754978747248,window,1
2020-04-22 23:00:00,2020-04-23 16:30:00,8652.749609375,8681.7,0.0032764603050901044,window,1
2020-04-23 23:00:00,2020-04-24 16:30:00,8633.249609375,8651.299609375,0.0020212551228742217,window,1
2020-04-24 23:00:00,2020-04-27 16:30:00,8778.550390625,8864.9998046875,0.009779452215047198,window,3
2020-04-27 23:00:00,2020-04-28 16:30:00,8832.9498046875,8910.600390625,0.00872308658389654,window,1
2020-04-28 23:00:00,2020-04-29 16:30:00,8675.050390625,8869.4001953125,0.02233414170099619,window,1
2020-04-29 23:00:00,2020-04-30 16:30:00,8970.8501953125,9024.4998046875,0.005913554258516198,window,1
2020-04-30 23:00:00,2020-05-01 16:30:00,8989.749609375,8802.100390625,-0.02094042959257535,window,1
2020-05-01 23:00:00,2020-05-04 16:30:00,8723.3501953125,8682.100390625,-0.004797446365272248,window,3
2020-05-04 23:00:00,2020-05-05 16:30:00,8829.3501953125,8917.2,0.009881792290198433,window,1
2020-05-05 23:00:00,2020-05-06 16:30:00,8925.4498046875,8996.9998046875,0.007949179206939163,window,1
2020-05-06 23:00:00,2020-05-07 16:30:00,8979.749609375,9095.600390625,0.012834520589491433,window,1
2020-05-07 23:00:00,2020-05-08 16:30:00,9100.249609375,9165.2,0.0070712775349269395,window,1
2020-05-08 23:00:00,2020-05-11 16:30:00,9217.15,9162.7,-0.005972562017543266,window,3
2020-05-11 23:00:00,2020-05-12 16:30:00,9293.8501953125,9325.7,0.0033624175159679705,window,1
2020-05-12 23:00:00,2020-05-13 16:30:00,9108.65,9130.799609375,0.0023658400943060817,window,1
2020-05-13 23:00:00,2020-05-14 16:30:00,8998.249609375,8938.799609375,-0.006673520140787677,window,1
2020-05-14 23:00:00,2020-05-15 16:30:00,9092.050390625,8966.4001953125,-0.013885778222553418,window,1
2020-05-15 23:00:00,2020-05-18 16:30:00,9150.3501953125,9274.2,0.013469408498774064,window,3
2020-05-18 23:00:00,2020-05-19 16:30:00,9326.15,9331.9001953125,0.0005522316617790934,window,1
2020-05-19 23:00:00,2020-05-20 16:30:00,9296.65,9403.9001953125,0.011471895286205364,window,1
2020-05-20 23:00:00,2020-05-21 16:30:00,9483.3501953125,9484.4001953125,4.745158522391389e-05,window,1
2020-05-21 23:00:00,2020-05-22 16:30:00,9383.65,9364.2,-0.0021366952092201764,window,1
2020-05-22 23:00:00,2020-05-25 16:30:00,9411.749609375,9523.100390625,0.011767289382590751,window,3
2020-05-26 23:00:00,2020-05-27 16:30:00,9394.65,9366.9998046875,-0.0030070513869594833,window,1
2020-05-27 23:00:00,2020-05-28 16:30:00,9440.550390625,9388.9998046875,-0.005524104398540936,window,1
2020-05-28 23:00:00,2020-05-29 16:30:00,9423.3501953125,9442.7,0.0019897174888849926,window,1
2020-05-29 23:00:00,2020-06-01 16:30:00,9541.9498046875,9522.2,-0.0021326673378120296,window,3
2020-06-01 23:00:00,2020-06-02 16:30:00,9594.3501953125,9605.600390625,0.0011100486323403584,window,1
2020-06-02 23:00:00,2020-06-03 16:30:00,9657.550390625,9677.4001953125,0.0019932388554956657,window,1
2020-06-03 23:00:00,2020-06-04 16:30:00,9698.65,9680.2,-0.0019641908925467884,window,1
2020-06-04 23:00:00,2020-06-05 16:30:00,9630.3501953125,9670.4998046875,0.004106767518615426,window,1
2020-06-05 23:00:00,2020-06-08 16:30:00,9816.550390625,9809.100390625,-0.0008200436690761368,window,3
2020-06-08 23:00:00,2020-06-09 16:30:00,9896.749609375,9858.4998046875,-0.0039255115286232194,window,1
2020-06-09 23:00:00,2020-06-10 16:30:00,9967.9498046875,10038.100390625,0.006977421365504312,window,1
2020-06-10 23:00:00,2020-06-11 16:30:00,10090.249609375,9924.799609375,-0.01645648090268445,window,1
2020-06-11 23:00:00,2020-06-12 16:30:00,9592.749609375,9795.2,0.02104197428730263,window,1
2020-06-12 23:00:00,2020-06-15 16:30:00,9660.8501953125,9522.2,-0.01441386549809704,window,3
2020-06-15 23:00:00,2020-06-16 16:30:00,9778.249609375,9988.100390625,0.02139961543315275,window,1
2020-06-16 23:00:00,2020-06-17 16:30:00,9954.4498046875,10014.799609375,0.006002321158861559,window,1
2020-06-17 23:00:00,2020-06-18 16:30:00,9980.749609375,9967.799609375,-0.0013576134589401263,window,1
2020-06-18 23:00:00,2020-06-19 16:30:00,10011.3501953125,10107.799609375,0.009574074644534917,window,1
2020-06-19 23:00:00,2020-06-22 16:30:00,10001.050390625,10000.9998046875,-6.505176077392519e-05,window,3
2020-06-22 23:00:00,2020-06-23 16:30:00,10127.15,10193.2,0.006462825177863575,window,1
2020-06-23 23:00:00,2020-06-24 16:30:00,10208.65,10176.9001953125,-0.003168862159785957,window,1
2020-06-24 23:00:00,2020-06-25 16:30:00,10003.65,10007.4001953125,0.00031490459107436704,window,1
2020-06-25 23:00:00,2020-06-26 16:30:00,10098.9498046875,10083.7,-0.00156945078389657,window,1
2020-06-26 23:00:00,2020-06-29 16:30:00,9854.749609375,9847.299609375,-0.0008168649959752199,window,3
2020-06-29 23:00:00,2020-06-30 16:30:00,9964.050390625,9959.7,-0.0004968251294329707,window,1
2020-06-30 23:00:00,2020-07-01 16:30:00,10141.9498046875,10158.4998046875,0.0015726758963674986,window,1
2020-07-01 23:00:00,2020-07-02 16:30:00,10275.65,10376.600390625,0.009765843584104275,window,1
2020-07-02 23:00:00,2020-07-03 16:30:00,10344.249609375,10363.799609375,0.0018319356855838723,window,1
2020-07-06 23:00:00,2020-07-07 16:30:00,10601.15,10587.799609375,-0.0013159318210759123,window,1
2020-07-07 23:00:00,2020-07-08 16:30:00,10527.9498046875,10582.2,0.0050959774987351944,window,1
2020-07-08 23:00:00,2020-07-09 16:30:00,10664.15,10743.299609375,0.007365763738788473,window,1
2020-07-09 23:00:00,2020-07-10 16:30:00,10750.550390625,10743.2,-0.0007395333574671706,window,1
2020-07-10 23:00:00,2020-07-13 16:30:00,10831.3501953125,10946.9001953125,0.010612711982089563,window,3
2020-07-13 23:00:00,2020-07-14 16:30:00,10607.65,10500.7,-0.010138909183466547,window,1
2020-07-14 23:00:00,2020-07-15 16:30:00,10683.9498046875,10733.600390625,0.0045910535742109656,window,1
2020-07-15 23:00:00,2020-07-16 16:30:00,10698.050390625,10581.2,-0.01097867240632218,window,1
2020-07-16 23:00:00,2020-07-17 16:30:00,10623.9498046875,10653.600390625,0.0027344430716985686,window,1
2020-07-17 23:00:00,2020-07-20 16:30:00,10640.8501953125,10668.4998046875,0.0025420533959698978,window,3
2020-07-20 23:00:00,2020-07-21 16:30:00,10945.9498046875,11010.4998046875,0.00584234361942854,window,1
2020-07-21 23:00:00,2020-07-22 16:30:00,10834.65,10850.4998046875,0.0014075032130711274,window,1
2020-07-22 23:00:00,2020-07-23 16:30:00,10872.15,10853.799609375,-0.0017430214469998033,window,1
2020-07-23 23:00:00,2020-07-24 16:30:00,10587.550390625,10426.799609375,-0.015239670678958074,window,1
2020-07-24 23:00:00,2020-07-27 16:30:00,10482.749609375,10559.9998046875,0.007312031496388199,window,3
2020-07-27 23:00:00,2020-07-28 16:30:00,10672.15,10640.799609375,-0.0029938101155811067,window,1
2020-07-28 23:00:00,2020-07-29 16:30:00,10541.15,10599.799609375,0.005506952218211589,window,1
2020-07-29 23:00:00,2020-07-30 16:30:00,10661.65,10578.299609375,-0.007874052386356606,window,1
2020-07-30 23:00:00,2020-07-31 16:30:00,10717.550390625,10908.4001953125,0.01775123957932766,window,1
2020-07-31 23:00:00,2020-08-03 16:30:00,10910.65,10999.9001953125,0.008125106690481419,window,3
2020-08-03 23:00:00,2020-08-04 16:30:00,11049.8501953125,11027.9001953125,-0.0020407516483404394,window,1
2020-08-04 23:00:00,2020-08-05 16:30:00,11100.15,11114.4998046875,0.0012387044037694167,window,1
2020-08-05 23:00:00,2020-08-06 16:30:00,11124.9498046875,11110.4001953125,-0.0013617687846659424,window,1
2020-08-06 23:00:00,2020-08-07 16:30:00,11265.050390625,11241.100390625,-0.002179306718452845,window,1
2020-08-07 23:00:00,2020-08-10 16:30:00,11137.4498046875,11145.4998046875,0.0006689143502909935,window,3
2020-08-10 23:00:00,2020-08-11 16:30:00,11088.8501953125,11034.9998046875,-0.0049103730022447495,window,1
2020-08-11 23:00:00,2020-08-12 16:30:00,10876.8501953125,10965.4001953125,0.008085980630486584,window,1
2020-08-12 23:00:00,2020-08-13 16:30:00,11150.8501953125,11178.299609375,0.0024078355992790414,window,1
2020-08-13 23:00:00,2020-08-14 16:30:00,11174.749609375,11194.9998046875,0.0017584461396804507,window,1
2020-08-14 23:00:00,2020-08-17 16:30:00,11164.4498046875,11233.299609375,0.006113136417958167,window,3
2020-08-17 23:00:00,2020-08-18 16:30:00,11289.15,11333.2,0.003848828299739227,window,1
2020-08-18 23:00:00,2020-08-19 16:30:00,11398.4498046875,11393.2,-0.0005132105494813193,window,1
2020-08-19 23:00:00,2020-08-20 16:30:00,11324.15,11287.9998046875,-0.003245293934864772,window,1
2020-08-20 23:00:00,2020-08-21 16:30:00,11479.8501953125,11485.2,0.00041375145203903025,window,1
2020-08-21 23:00:00,2020-08-24 16:30:00,11557.9498046875,11689.600390625,0.011338566800519548,window,3
2020-08-24 23:00:00,2020-08-25 16:30:00,11631.65,11596.4001953125,-0.003082091078006896,window,1
2020-08-25 23:00:00,2020-08-26 16:30:00,11720.65,11772.4001953125,0.00436410909911149,window,1
2020-08-26 23:00:00,2020-08-27 16:30:00,11971.3501953125,12017.100390625,0.003771520720376228,window,1
2020-08-27 23:00:00,2020-08-28 16:30:00,11933.550390625,11983.7,0.0041521263792481476,window,1
2020-08-28 23:00:00,2020-08-31 16:30:00,11997.8501953125,12020.9001953125,0.0018711685539107826,window,3
2020-08-31 23:00:00,2020-09-01 16:30:00,12097.9498046875,12201.299609375,0.008493158456293925,window,1
2020-09-01 23:00:00,2020-09-02 16:30:00,12298.15,12435.299609375,0.011103264261291422,window,1
2020-09-02 23:00:00,2020-09-03 16:30:00,12416.3501953125,12229.9998046875,-0.015056791060514517,window,1
2020-09-03 23:00:00,2020-09-04 16:30:00,11773.65,11714.2,-0.00510037244185099,window,1
2020-09-04 23:00:00,2020-09-07 16:30:00,11616.050390625,11458.100390625,-0.01364921764870789,window,3
2020-09-08 23:00:00,2020-09-09 16:30:00,11069.749609375,11292.799609375,0.020095305481129186,window,1
2020-09-10 23:00:00,2020-09-11 16:30:00,11156.050390625,11245.2,0.007937361904479552,window,1
2020-09-11 23:00:00,2020-09-14 16:30:00,11082.4498046875,11243.100390625,0.014441805625846835,window,3
2020-09-15 23:00:00,2020-09-16 16:30:00,11437.550390625,11466.100390625,0.0024437050806710176,window,1
2020-09-16 23:00:00,2020-09-17 16:30:00,11251.15,10964.9001953125,-0.025495154245343713,window,1
2020-09-17 23:00:00,2020-09-18 16:30:00,11083.249609375,11130.100390625,0.004173034342822965,window,1
2020-09-29 23:00:00,2020-09-30 16:30:00,11323.22,11331.299609375,0.0006605549812687012,window,1
2020-09-30 23:00:00,2020-10-01 16:30:00,11413.4498046875,11564.9001953125,0.013216897012421862,window,1
2020-10-01 23:00:00,2020-10-02 16:30:00,11582.22,11324.4001953125,-0.02231176792424066,window,1
2020-10-02 23:00:00,2020-10-05 16:30:00,11261.15,11339.799609375,0.006930873789533137,window,3
2020-10-06 23:00:00,2020-10-07 16:30:00,11291.190390624999,11400.299609375,0.009610077856812702,window,1
2020-10-08 23:00:00,2020-10-09 16:30:00,11550.9498046875,11616.7,0.005640245729927979,window,1
2020-10-09 23:00:00,2020-10-12 16:30:00,11724.690390624999,11923.2,0.0168797301064128,window,3
2020-10-12 23:00:00,2020-10-13 16:30:00,12084.889609374999,12159.9998046875,0.006165566895596587,window,1
2020-10-13 23:00:00,2020-10-14 16:30:00,12082.550390625,12117.600390625,0.0028512192282459897,window,1
2020-10-14 23:00:00,2020-10-15 16:30:00,11987.050390625,11784.100390625,-0.01698082458710561,window,1
2020-10-15 23:00:00,2020-10-16 16:30:00,11902.190390624999,11972.600390625,0.005865306948457902,window,1
2020-10-16 23:00:00,2020-10-19 16:30:00,11837.8501953125,11921.4001953125,0.007007184466048343,window,3
2020-10-19 23:00:00,2020-10-20 16:30:00,11642.389609374999,11678.7,0.0030672732852236786,window,1
2020-10-20 23:00:00,2020-10-21 16:30:00,11675.8501953125,11680.7,0.0003639824609266792,window,1
2020-10-21 23:00:00,2020-10-22 16:30:00,11665.050390625,11697.9998046875,0.0027731911118446394,window,1
2020-10-22 23:00:00,2020-10-23 16:30:00,11666.789999999999,11687.9998046875,0.0017665360126908666,window,1
2020-10-23 23:00:00,2020-10-26 16:30:00,11693.0,11588.7,-0.008971179338065446,window,3
2020-10-26 23:00:00,2020-10-27 16:30:00,11509.249609375,11548.799609375,0.003384234535001647,window,1
2020-10-28 23:00:00,2020-10-29 16:30:00,11155.550390625,11201.600390625,0.004074205073574565,window,1
2020-11-05 23:00:00,2020-11-06 16:30:00,12074.690390624999,12039.299609375,-0.0029806794282644464,window,1
2020-11-06 23:00:00,2020-11-09 16:30:00,12086.490195312499,12200.9001953125,0.009416298541667669,window,3
2020-11-09 23:00:00,2020-11-10 16:30:00,11834.8501953125,11699.9001953125,-0.011453461409565371,window,1
2020-11-10 23:00:00,2020-11-11 16:30:00,11628.789999999999,11725.799609375,0.00829059681832776,window,1
2020-11-11 23:00:00,2020-11-12 16:30:00,11889.490195312499,11924.100390625,0.0028605259564375932,window,1
2020-11-12 23:00:00,2020-11-13 16:30:00,11830.9498046875,11894.600390625,0.005329291982332647,window,1
2020-11-13 23:00:00,2020-11-16 16:30:00,11938.990195312499,11920.600390625,-0.0015905704231966055,window,3
2020-11-16 23:00:00,2020-11-17 16:30:00,12018.889609374999,12032.4998046875,0.001082478975624623,window,1
2020-11-17 23:00:00,2020-11-18 16:30:00,11982.889609374999,11960.9998046875,-0.0018768264934947811,window,1
2020-11-18 23:00:00,2020-11-19 16:30:00,11895.050390625,11872.600390625,-0.0019377807779751486,window,1
2020-11-19 23:00:00,2020-11-20 16:30:00,11984.550390625,11984.299609375,-7.098983460109094e-05,window,1
2020-11-20 23:00:00,2020-11-23 16:30:00,11906.789999999999,11948.7,0.0034694489446779253,window,3
2020-11-23 23:00:00,2020-11-24 16:30:00,11906.3501953125,11951.299609375,0.0037248538246390022,window,1
2020-11-24 23:00:00,2020-11-25 16:30:00,12076.589804687499,12112.4001953125,0.0029155905097757685,window,1
2020-11-25 23:00:00,2020-11-26 16:30:00,12154.8501953125,12199.4998046875,0.003624035563349745,window,1
2020-11-30 23:00:00,2020-12-01 16:30:00,12275.8501953125,12376.299609375,0.008133808451053624,window,1
2020-12-01 23:00:00,2020-12-02 16:30:00,12451.589804687499,12390.100390625,-0.0049864647837278,window,1
2020-12-02 23:00:00,2020-12-03 16:30:00,12458.550390625,12463.7,0.0003651796743884948,window,1
2020-12-03 23:00:00,2020-12-04 16:30:00,12471.15,12473.2,0.00011626834734576134,window,1
2020-12-04 23:00:00,2020-12-07 16:30:00,12529.089804687499,12532.799609375,0.0002482067521248195,window,3
2020-12-07 23:00:00,2020-12-08 16:30:00,12597.289999999999,12575.100390625,-0.0018090882542990063,window,1
2020-12-08 23:00:00,2020-12-09 16:30:00,12636.15,12630.7,-0.00047878507298496054,window,1
2020-12-09 23:00:00,2020-12-10 16:30:00,12359.389609374999,12264.9001953125,-0.007693698238169458,window,1
2020-12-10 23:00:00,2020-12-11 16:30:00,12400.289999999999,12331.100390625,-0.005628062680388792,window,1
2020-12-11 23:00:00,2020-12-14 16:30:00,12378.589804687499,12420.799609375,0.0033614333574366407,window,3
2020-12-14 23:00:00,2020-12-15 16:30:00,12454.990195312499,12561.799609375,0.008527458664919234,window,1
2020-12-15 23:00:00,2020-12-16 16:30:00,12594.9498046875,12614.4001953125,0.0014966626240928316,window,1
2020-12-16 23:00:00,2020-12-17 16:30:00,12667.990195312499,12732.4998046875,0.005044968332754944,window,1
2020-12-17 23:00:00,2020-12-18 16:30:00,12749.9498046875,12773.4001953125,0.0017921945556679901,window,1
2020-12-18 23:00:00,2020-12-21 16:30:00,12701.9498046875,12583.600390625,-0.00936465785895344,window,3
2020-12-21 23:00:00,2020-12-22 16:30:00,12691.190390624999,12724.9001953125,0.002608880937753478,window,1
2020-12-22 23:00:00,2020-12-23 16:30:00,12719.389609374999,12718.600390625,-0.00010922055166659758,window,1
2020-12-23 23:00:00,2020-12-24 16:30:00,12654.289999999999,12665.4998046875,0.0008384353991809635,window,1
2020-12-28 23:00:00,2020-12-29 16:30:00,12839.589804687499,12896.4998046875,0.0043856541257606164,window,1
2020-12-29 23:00:00,2020-12-30 16:30:00,12850.889609374999,12900.9001953125,0.003844915600353114,window,1
2020-12-30 23:00:00,2020-12-31 16:30:00,12850.15,12849.600390625,-8.946272027944487e-05,window,1
2020-12-31 23:00:00,2021-01-04 16:30:00,12877.9498046875,12938.9001953125,0.004686335289413374,window,4
2021-01-04 23:00:00,2021-01-05 16:30:00,12698.190390624999,12659.600390625,-0.0030862665304602836,window,1
2021-01-05 23:00:00,2021-01-06 16:30:00,12801.15,12607.600390625,-0.015166575610394294,window,1
2021-01-06 23:00:00,2021-01-07 16:30:00,12629.249609375,12737.299609375,0.008508027263966525,window,1
2021-01-07 23:00:00,2021-01-08 16:30:00,12935.65,13027.799609375,0.007077310330366166,window,1
2021-01-08 23:00:00,2021-01-11 16:30:00,13100.789999999999,12973.4998046875,-0.009762021627130756,window,3
2021-01-11 23:00:00,2021-01-12 16:30:00,12906.249609375,12911.4001953125,0.0003525877830687221,window,1
2021-01-12 23:00:00,2021-01-13 16:30:00,12891.990195312499,12899.4998046875,0.0005359614202556555,window,1
2021-01-13 23:00:00,2021-01-14 16:30:00,12974.65,12991.600390625,0.0012601797061963975,window,1
2021-01-14 23:00:00,2021-01-15 16:30:00,12903.789999999999,12895.9001953125,-0.0006579310952439808,window,1
2021-01-15 23:00:00,2021-01-18 16:30:00,12807.789999999999,12807.2,-9.291220421308646e-05,window,3
2021-01-19 23:00:00,2021-01-20 16:30:00,12993.289999999999,13144.4001953125,0.0115836862959652,window,1
2021-01-20 23:00:00,2021-01-21 16:30:00,13293.889609374999,13345.9998046875,0.0038747271736163744,window,1
2021-01-21 23:00:00,2021-01-22 16:30:00,13406.4498046875,13356.4001953125,-0.0037780031337818847,window,1
2021-01-22 23:00:00,2021-01-25 16:30:00,13365.550390625,13506.299609375,0.01048585465274262,window,3
2021-01-25 23:00:00,2021-01-26 16:30:00,13483.990195312499,13502.9001953125,0.0013579066533559823,window,1
2021-01-26 23:00:00,2021-01-27 16:30:00,13493.3501953125,13397.299609375,-0.007162830915859183,window,1
2021-01-27 23:00:00,2021-01-28 16:30:00,13129.8501953125,13164.2,0.002570463804647988,window,1
2021-01-28 23:00:00,2021-01-29 16:30:00,13197.8501953125,13118.299609375,-0.006073003159709004,window,1
2021-01-29 23:00:00,2021-02-01 16:30:00,12925.749609375,13062.2,0.010510058969923826,window,3
2021-02-01 23:00:00,2021-02-02 16:30:00,13241.089804687499,13362.9998046875,0.009161632598931286,window,1
2021-02-02 23:00:00,2021-02-03 16:30:00,13458.050390625,13540.799609375,0.006104095048360569,window,1
2021-02-03 23:00:00,2021-02-04 16:30:00,13400.789999999999,13460.2,0.004388547242364195,window,1
2021-02-04 23:00:00,2021-02-05 16:30:00,13559.389609374999,13596.100390625,0.0026631568448357425,window,1
2021-02-05 23:00:00,2021-02-08 16:30:00,13603.389609374999,13672.600390625,0.005043653326132587,window,3
2021-02-08 23:00:00,2021-02-09 16:30:00,13693.15,13652.4001953125,-0.003019743790690886,window,1
2021-02-09 23:00:00,2021-02-10 16:30:00,13687.889609374999,13749.100390625,0.004428058888529363,window,1
2021-02-10 23:00:00,2021-02-11 16:30:00,13657.289999999999,13722.799609375,0.004752744459186389,window,1
2021-02-11 23:00:00,2021-02-12 16:30:00,13732.389609374999,13698.600390625,-0.002504241412326451,window,1
2021-02-12 23:00:00,2021-02-15 16:30:00,13809.249609375,13856.299609375,0.0033636874786061167,window,3
2021-02-16 23:00:00,2021-02-17 16:30:00,13771.65,13638.799609375,-0.00969022525441751,window,1
2021-02-17 23:00:00,2021-02-18 16:30:00,13703.8501953125,13545.299609375,-0.011613567258049677,window,1
2021-02-18 23:00:00,2021-02-19 16:30:00,13640.389609374999,13697.100390625,0.00411357614092173,window,1
2021-02-19 23:00:00,2021-02-22 16:30:00,13582.3501953125,13394.4998046875,-0.013874652612773625,window,3
2021-02-22 23:00:00,2021-02-23 16:30:00,13232.089804687499,13004.9001953125,-0.017214938285432684,window,1
2021-02-23 23:00:00,2021-02-24 16:30:00,13193.389609374999,13079.600390625,-0.008670191826118384,window,1
2021-02-24 23:00:00,2021-02-25 16:30:00,13301.15,13185.600390625,-0.008732298288117862,window,1
2021-02-25 23:00:00,2021-02-26 16:30:00,12831.749609375,12957.9001953125,0.009784370000936788,window,1
2021-03-02 23:00:00,2021-03-03 16:30:00,13064.089804687499,13016.9998046875,-0.0036504648018330964,window,1
2021-04-05 23:00:00,2021-04-06 16:30:00,13593.990195312499,13576.2,-0.001352818050349901,window,1
2021-04-06 23:00:00,2021-04-07 16:30:00,13580.9498046875,13560.2,-0.0015720406153132212,window,1
2021-04-07 23:00:00,2021-04-08 16:30:00,13615.4498046875,13735.4001953125,0.008765805929078552,window,1
2021-04-08 23:00:00,2021-04-09 16:30:00,13759.249609375,13697.799609375,-0.004509693606962442,window,1
2021-04-09 23:00:00,2021-04-12 16:30:00,13839.990195312499,13796.7,-0.003171259133360052,window,3
2021-04-12 23:00:00,2021-04-13 16:30:00,13822.749609375,13886.100390625,0.004539674306727053,window,1
2021-04-13 23:00:00,2021-04-14 16:30:00,13982.490195312499,13990.9998046875,0.0005656795938718625,window,1
2021-04-14 23:00:00,2021-04-15 16:30:00,13816.8501953125,13937.7,0.008703127195248668,window,1
2021-04-15 23:00:00,2021-04-16 16:30:00,14023.8501953125,14045.2,0.0014796082672386757,window,1
2021-04-16 23:00:00,2021-04-19 16:30:00,14041.3501953125,13974.600390625,-0.0047965333640053115,window,3
2021-04-19 23:00:00,2021-04-20 16:30:00,13916.15,13883.600390625,-0.0023820962963893686,window,1
2021-04-20 23:00:00,2021-04-21 16:30:00,13809.490195312499,13755.9998046875,-0.003916899889856817,window,1
2021-04-21 23:00:00,2021-04-22 16:30:00,13930.490195312499,13912.100390625,-0.0013631828041405353,window,1
2021-04-22 23:00:00,2021-04-23 16:30:00,13762.8501953125,13787.799609375,0.0017692130421352896,window,1
2021-04-23 23:00:00,2021-04-26 16:30:00,13935.089804687499,13942.7,0.0005030606483887586,window,3
2021-04-26 23:00:00,2021-04-27 16:30:00,14027.190390624999,14036.9001953125,0.0006494390133600928,window,1
2021-04-27 23:00:00,2021-04-28 16:30:00,13964.589804687499,13951.7,-0.0009660007831357995,window,1
2021-04-28 23:00:00,2021-04-29 16:30:00,13909.990195312499,14053.9998046875,0.010309828214208878,window,1
2021-04-29 23:00:00,2021-04-30 16:30:00,13968.289999999999,13862.4998046875,-0.007616551153541223,window,1
2021-04-30 23:00:00,2021-05-03 16:30:00,13872.8501953125,13925.4001953125,0.003744724355025076,window,3
2021-05-03 23:00:00,2021-05-04 16:30:00,13802.65,13692.600390625,-0.00801654822624633,window,1
2021-05-04 23:00:00,2021-05-05 16:30:00,13555.249609375,13642.4001953125,0.006385023399173815,window,1
2021-05-05 23:00:00,2021-05-06 16:30:00,13507.9498046875,13494.9001953125,-0.0010104871259043508,window,1
2021-05-06 23:00:00,2021-05-07 16:30:00,13609.690390624999,13721.7,0.008186050246355782,window,1
2021-05-07 23:00:00,2021-05-10 16:30:00,13714.249609375,13657.4998046875,-0.004181767600926181,window,3
2021-05-10 23:00:00,2021-05-11 16:30:00,13366.490195312499,13121.7,-0.01835861110335115,window,1
2021-05-21 23:00:00,2021-05-24 16:30:00,13413.249609375,13513.7,0.007444161074525302,window,3
2021-05-25 23:00:00,2021-05-26 16:30:00,13659.9498046875,13687.4001953125,0.0019656287913874474,window,1
2021-05-26 23:00:00,2021-05-27 16:30:00,13704.749609375,13686.100390625,-0.0014045655191563008,window,1
2021-05-27 23:00:00,2021-05-28 16:30:00,13655.4498046875,13706.100390625,0.003665246231604927,window,1
2021-05-28 23:00:00,2021-05-31 16:30:00,13693.050390625,13680.100390625,-0.0009895530662237225,window,3
2021-06-01 23:00:00,2021-06-02 16:30:00,13654.550390625,13670.100390625,0.001094873106203887,window,1
2021-06-02 23:00:00,2021-06-03 16:30:00,13677.749609375,13555.7,-0.008967089826745508,window,1
2021-06-03 23:00:00,2021-06-04 16:30:00,13532.15,13610.299609375,0.005730767791888288,window,1
2021-06-07 23:00:00,2021-06-08 16:30:00,13803.2648046875,13878.7,0.005421557607667357,window,1
2021-06-08 23:00:00,2021-06-09 16:30:00,13809.6651953125,13870.4998046875,0.004361771883901022,window,1
2021-06-09 23:00:00,2021-06-10 16:30:00,13816.65,13831.2,0.0010096513988558074,window,1
2021-06-10 23:00:00,2021-06-11 16:30:00,13960.749609375,13959.9001953125,-0.00010382064739027982,window,1
2021-06-11 23:00:00,2021-06-14 16:30:00,13996.3501953125,14013.600390625,0.0011896097968509952,window,3
2021-06-14 23:00:00,2021-06-15 16:30:00,14129.4498046875,14115.799609375,-0.0010085456623917055,window,1
2021-06-15 23:00:00,2021-06-16 16:30:00,14034.550390625,14054.600390625,0.0013858655574027923,window,1
2021-06-16 23:00:00,2021-06-17 16:30:00,13984.064609375,13941.299609375,-0.0031010297228552036,window,1
2021-06-17 23:00:00,2021-06-18 16:30:00,14164.249609375,14087.9001953125,-0.005432650241603184,window,1
2021-06-18 23:00:00,2021-06-21 16:30:00,14051.564609375,14059.7,0.0005362670161280886,window,3
2021-06-21 23:00:00,2021-06-22 16:30:00,14137.249609375,14128.100390625,-0.0006896121253694067,window,1
2021-06-22 23:00:00,2021-06-23 16:30:00,14268.564609375,14267.7,-0.00010264588030369312,window,1
2021-06-23 23:00:00,2021-06-24 16:30:00,14276.365390625,14359.4001953125,0.005774215105312018,window,1
2021-06-24 23:00:00,2021-06-25 16:30:00,14365.4498046875,14388.299609375,0.001548841490521299,window,1
2021-06-25 23:00:00,2021-06-28 16:30:00,14349.15,14403.799609375,0.003766746418777495,window,3
2021-06-28 23:00:00,2021-06-29 16:30:00,14522.15,14515.100390625,-0.0005267546041735492,window,1
2021-06-29 23:00:00,2021-06-30 16:30:00,14574.3501953125,14567.4001953125,-0.000518033387342867,window,1
2021-06-30 23:00:00,2021-07-01 16:30:00,14551.8501953125,14534.299609375,-0.001247304342326562,window,1
2021-07-01 23:00:00,2021-07-02 16:30:00,14559.550390625,14637.4998046875,0.005312623809613444,window,1
2021-07-02 23:00:00,2021-07-05 16:30:00,14721.465,14711.799609375,-0.0006973076813346646,window,3
2021-07-06 23:00:00,2021-07-07 16:30:00,14786.965,14879.100390625,0.006190275734405308,window,1
2021-07-07 23:00:00,2021-07-08 16:30:00,14812.8501953125,14602.9001953125,-0.01421400994567724,window,1
2021-07-08 23:00:00,2021-07-09 16:30:00,14733.3501953125,14701.600390625,-0.002195685588047122,window,1
2021-07-09 23:00:00,2021-07-12 16:30:00,14819.3501953125,14878.7,0.003964398162753736,window,3
2021-07-12 23:00:00,2021-07-13 16:30:00,14877.7648046875,14861.299609375,-0.0011470268240241794,window,1
2021-07-13 23:00:00,2021-07-14 16:30:00,14874.365390625,14976.7,0.006839593266891357,window,1
2021-07-14 23:00:00,2021-07-15 16:30:00,14901.749609375,14898.9998046875,-0.00022479271060838905,window,1
2021-07-15 23:00:00,2021-07-16 16:30:00,14797.15,14833.799609375,0.002436253560651956,window,1
2021-07-16 23:00:00,2021-07-19 16:30:00,14682.064609375,14537.9998046875,-0.009853164969395789,window,3
2021-07-19 23:00:00,2021-07-20 16:30:00,14560.15,14598.4998046875,0.0025926796556011507,window,1
2021-07-20 23:00:00,2021-07-21 16:30:00,14728.050390625,14711.600390625,-0.0011576549202229728,window,1
2021-07-21 23:00:00,2021-07-22 16:30:00,14839.4498046875,14851.4001953125,0.0007648794783089411,window,1
2021-07-22 23:00:00,2021-07-23 16:30:00,14942.15,14996.299609375,0.0035837954628350735,window,1
2021-07-23 23:00:00,2021-07-26 16:30:00,15107.064609375,15086.600390625,-0.0013943290304674796,window,3
2021-07-26 23:00:00,2021-07-27 16:30:00,15126.4498046875,15113.4998046875,-0.0008957819035501596,window,1
2021-07-27 23:00:00,2021-07-28 16:30:00,14959.8501953125,15003.600390625,0.002884400227886087,window,1
2021-07-28 23:00:00,2021-07-29 16:30:00,15015.2648046875,14992.799609375,-0.0015361164529911501,window,1
2021-07-29 23:00:00,2021-07-30 16:30:00,15043.465,14876.600390625,-0.011132050320521197,window,1
2021-07-30 23:00:00,2021-08-02 16:30:00,14963.749609375,15033.600390625,0.004627902969361002,window,3
2021-08-02 23:00:00,2021-08-03 16:30:00,14966.6651953125,14997.600390625,0.0020268506655712086,window,1
2021-08-03 23:00:00,2021-08-04 16:30:00,15056.365390625,15056.600390625,-2.4242238450634898e-05,window,1
2021-08-04 23:00:00,2021-08-05 16:30:00,15082.550390625,15112.2,0.0019260409295935603,window,1
2021-08-05 23:00:00,2021-08-06 16:30:00,15178.865390625,15117.299609375,-0.004095548623047621,window,1
2021-08-06 23:00:00,2021-08-09 16:30:00,15107.15,15125.4001953125,0.0011683338890857038,window,3
2021-08-09 23:00:00,2021-08-10 16:30:00,15134.550390625,15155.2,0.0013247575155863694,window,1
2021-08-10 23:00:00,2021-08-11 16:30:00,15056.15,15107.600390625,0.0033773833699186776,window,1
2021-08-11 23:00:00,2021-08-12 16:30:00,15030.749609375,15006.4998046875,-0.0016532644966688525,window,1
2021-08-12 23:00:00,2021-08-13 16:30:00,15086.550390625,15096.9998046875,0.0006528605816092763,window,1
2021-08-13 23:00:00,2021-08-16 16:30:00,15135.550390625,15086.600390625,-0.0032737494654102774,window,3
2021-08-16 23:00:00,2021-08-17 16:30:00,15142.15,15023.9001953125,-0.007848938538285442,window,1
2021-08-17 23:00:00,2021-08-18 16:30:00,15008.4498046875,14981.4001953125,-0.0018422695038339848,window,1
2021-08-18 23:00:00,2021-08-19 16:30:00,14861.4498046875,14777.2,-0.005709389447369808,window,1
2021-08-19 23:00:00,2021-08-20 16:30:00,14929.9498046875,14972.7,0.0028231973894022977,window,1
2021-08-20 23:00:00,2021-08-23 16:30:00,15086.2648046875,15130.7,0.002905636078910693,window,3
2021-08-23 23:00:00,2021-08-24 16:30:00,15311.4498046875,15336.9001953125,0.001622993964777477,window,1
2021-08-24 23:00:00,2021-08-25 16:30:00,15360.564609375,15368.799609375,0.0004970520416509117,window,1
2021-08-25 23:00:00,2021-08-26 16:30:00,15368.249609375,15338.4001953125,-0.0019813195930865174,window,1
2021-08-26 23:00:00,2021-08-27 16:30:00,15278.749609375,15303.7,0.0015937423707801167,window,1
2021-08-27 23:00:00,2021-08-30 16:30:00,15431.9498046875,15456.299609375,0.0015390021992092676,window,3
2021-08-30 23:00:00,2021-08-31 16:30:00,15603.65,15609.4001953125,0.00033006349876478204,window,1
2021-08-31 23:00:00,2021-09-01 16:30:00,15585.550390625,15628.4998046875,0.0027172228763878018,window,1
2021-09-01 23:00:00,2021-09-02 16:30:00,15612.9498046875,15666.7,0.0034042378908144396,window,1
2021-09-02 23:00:00,2021-09-03 16:30:00,15604.050390625,15553.9001953125,-0.0032523732006780695,window,1
2021-09-03 23:00:00,2021-09-06 16:30:00,15652.749609375,15688.100390625,0.0022201071452128502,window,3
2021-09-07 23:00:00,2021-09-08 16:30:00,15675.050390625,15666.299609375,-0.0005965391508783579,window,1
2021-09-08 23:00:00,2021-09-09 16:30:00,15621.7648046875,15628.100390625,0.0003671535200542483,window,1
2021-09-09 23:00:00,2021-09-10 16:30:00,15563.65,15636.2,0.004622951556993449,window,1
2021-09-10 23:00:00,2021-09-13 16:30:00,15445.564609375,15545.799609375,0.006450719188311516,window,3
2021-09-13 23:00:00,2021-09-14 16:30:00,15436.65,15497.9998046875,0.003935426707705434,window,1
2021-09-14 23:00:00,2021-09-15 16:30:00,15389.1651953125,15409.7,0.0012953792122247587,window,1
2021-09-15 23:00:00,2021-09-16 16:30:00,15504.050390625,15447.9001953125,-0.003660346418044065,window,1
2021-09-16 23:00:00,2021-09-17 16:30:00,15518.550390625,15491.7,-0.0017688759538766019,window,1
2021-09-17 23:00:00,2021-09-20 16:30:00,15336.249609375,15088.4001953125,-0.016200141520298587,window,3
2021-09-20 23:00:00,2021-09-21 16:30:00,15016.550390625,15093.100390625,0.005057752814349261,window,1
2021-09-24 23:00:00,2021-09-27 16:30:00,15328.65,15196.4998046875,-0.008660266580064057,window,3
2021-09-27 23:00:00,2021-09-28 16:30:00,15206.4498046875,15013.9998046875,-0.01269527091987571,window,1
2021-10-19 23:00:00,2021-10-20 16:30:00,15413.4498046875,15430.9001953125,0.001093226424877096,window,1
2021-10-20 23:00:00,2021-10-21 16:30:00,15395.15,15358.799609375,-0.0024001319003061944,window,1
2021-10-21 23:00:00,2021-10-22 16:30:00,15486.8501953125,15433.799609375,-0.003464267120872498,window,1
2021-10-22 23:00:00,2021-10-25 16:30:00,15355.9498046875,15418.4998046875,0.0040342668990159414,window,3
2021-10-25 23:00:00,2021-10-26 16:30:00,15514.6651953125,15611.2,0.006183491778893539,window,1
2021-10-26 23:00:00,2021-10-27 16:30:00,15555.7648046875,15580.7,0.001564384369270454,window,1
2021-10-27 23:00:00,2021-10-28 16:30:00,15599.249609375,15680.4998046875,0.005170133008451323,window,1
2021-10-28 23:00:00,2021-10-29 16:30:00,15774.8501953125,15642.4998046875,-0.008427997031915088,window,1
2021-10-29 23:00:00,2021-11-01 16:30:00,15850.4498046875,15867.799609375,0.0010567400227687936,window,3
2021-11-01 23:00:00,2021-11-02 16:30:00,15905.65,15878.4001953125,-0.0017509378546302044,window,1
2021-11-02 23:00:00,2021-11-03 16:30:00,15973.550390625,15989.9001953125,0.0009859927381419707,window,1
2021-11-03 23:00:00,2021-11-04 16:30:00,16143.15,16189.799609375,0.0028525789189223346,window,1
2021-11-04 23:00:00,2021-11-05 16:30:00,16347.4498046875,16418.299609375,0.004297294411471905,window,1
2021-11-05 23:00:00,2021-11-08 16:30:00,16359.050390625,16356.299609375,-0.00020482736894796567,window,3
2021-11-08 23:00:00,2021-11-09 16:30:00,16337.249609375,16383.100390625,0.0027697918763531833,window,1
2021-11-09 23:00:00,2021-11-10 16:30:00,16223.4498046875,16106.600390625,-0.0072394845409860875,window,1
2021-11-10 23:00:00,2021-11-11 16:30:00,15985.9498046875,16108.600390625,0.007634866081070306,window,1
2021-11-11 23:00:00,2021-11-12 16:30:00,16032.15,16076.600390625,0.002735153465068696,window,1
2021-11-12 23:00:00,2021-11-15 16:30:00,16196.865390625,16245.100390625,0.0029410011660387365,window,3
2021-11-15 23:00:00,2021-11-16 16:30:00,16195.4498046875,16161.9001953125,-0.002108592832359301,window,1
2021-11-16 23:00:00,2021-11-17 16:30:00,16311.4498046875,16316.9998046875,0.00030346781305599127,window,1
2021-11-17 23:00:00,2021-11-18 16:30:00,16315.865390625,16399.299609375,0.005076912365163091,window,1
2021-11-18 23:00:00,2021-11-19 16:30:00,16484.749609374998,16550.799609375,0.003970336313921385,window,1
2021-11-19 23:00:00,2021-11-22 16:30:00,16573.16421875,16638.600390625,0.003912117868333699,window,3
2021-11-22 23:00:00,2021-11-23 16:30:00,16385.149999999998,16331.299609375,-0.003323154846003674,window,1
2021-11-23 23:00:00,2021-11-24 16:30:00,16307.550390625,16199.2,-0.006680978320792624,window,1
2021-11-24 23:00:00,2021-11-25 16:30:00,16364.6651953125,16388.799609375,0.0014381237734849466,window,1
2021-11-29 23:00:00,2021-11-30 16:30:00,16395.249609374998,16357.2,-0.002357366328408735,window,1
2021-11-30 23:00:00,2021-12-01 16:30:00,16151.865390625,16337.7,0.011468310618940398,window,1
2021-12-01 23:00:00,2021-12-02 16:30:00,15878.15,15822.9001953125,-0.0035173999922849266,window,1
2021-12-02 23:00:00,2021-12-03 16:30:00,15993.3501953125,16048.600390625,0.0034170573797926685,window,1
2021-12-03 23:00:00,2021-12-06 16:30:00,15718.749609375,15734.9001953125,0.000989301714445937,window,3
2021-12-06 23:00:00,2021-12-07 16:30:00,15845.050390625,16119.7,0.017295597212940852,window,1
2021-12-07 23:00:00,2021-12-08 16:30:00,16322.550390625,16330.600390625,0.0004564237709004142,window,1
2021-12-08 23:00:00,2021-12-09 16:30:00,16391.950781249998,16337.7,-0.0033462021684898167,window,1
2021-12-09 23:00:00,2021-12-10 16:30:00,16150.6651953125,16264.4998046875,0.0070111421421741385,window,1
2021-12-10 23:00:00,2021-12-13 16:30:00,16328.550390625,16325.600390625,-0.0002174106038241541,window,3
2021-12-13 23:00:00,2021-12-14 16:30:00,16090.050390625,15882.4001953125,-0.01294279323288121,window,1
2021-12-14 23:00:00,2021-12-15 16:30:00,15930.749609375,15909.799609375,-0.0013527298167637426,window,1
2021-12-15 23:00:00,2021-12-16 16:30:00,16284.65,16323.4998046875,0.0023488257154744554,window,1
2021-12-16 23:00:00,2021-12-17 16:30:00,15868.9498046875,15718.299609375,-0.00953120383982949,window,1
2021-12-22 23:00:00,2021-12-23 16:30:00,16174.65,16190.4001953125,0.000936662945566123,window,1
2021-12-23 23:00:00,2021-12-27 16:30:00,16300.4498046875,16352.100390625,0.0031318513629495386,window,4
2021-12-27 23:00:00,2021-12-28 16:30:00,16563.865390625,16602.00078125,0.002266100921482088,window,1
2021-12-28 23:00:00,2021-12-29 16:30:00,16497.649999999998,16497.39921875,-5.156984479590061e-05,window,1
2021-12-29 23:00:00,2021-12-30 16:30:00,16491.450781249998,16476.600390625,-0.0009368727366644695,window,1
2021-12-30 23:00:00,2021-12-31 16:30:00,16434.849218749998,16412.100390625,-0.0014206901331567528,window,1
2021-12-31 23:00:00,2022-01-03 16:30:00,16328.4498046875,16381.9001953125,0.0032367059492585163,window,3
2022-01-03 23:00:00,2022-01-04 16:30:00,16499.050390624998,16514.00078125,0.0008697707010554385,window,1
2022-01-04 23:00:00,2022-01-05 16:30:00,16280.15,16207.4001953125,-0.004505474746086425,window,1
2022-01-05 23:00:00,2022-01-06 16:30:00,15773.8501953125,15699.4001953125,-0.004757874524654827,window,1
2022-03-21 23:00:00,2022-03-22 16:30:00,14378.3501953125,14391.7,0.0008867362746288979,window,1
2022-03-22 23:00:00,2022-03-23 16:30:00,14655.749609375,14531.799609375,-0.008498371173066895,window,1
2022-03-23 23:00:00,2022-03-24 16:30:00,14445.65,14526.7,0.005569150574740569,window,1
2022-03-24 23:00:00,2022-03-25 16:30:00,14766.2648046875,14760.4998046875,-0.00043105010537118843,window,1
2022-03-25 23:00:00,2022-03-28 16:30:00,14756.465,14751.100390625,-0.0004042031323219632,window,3
2022-03-28 23:00:00,2022-03-29 16:30:00,14986.550390625,15144.4998046875,0.010499375103755215,window,1
2022-03-29 23:00:00,2022-03-30 16:30:00,15239.15,15158.4998046875,-0.0053316750155027615,window,1
2022-03-30 23:00:00,2022-03-31 16:30:00,15077.365390625,15077.799609375,-1.0995372580311647e-05,window,1
2022-03-31 23:00:00,2022-04-01 16:30:00,14864.064609375,14890.600390625,0.0017448646740705416,window,1
2022-04-01 23:00:00,2022-04-04 16:30:00,14859.249609375,14892.9998046875,0.002230946796370253,window,3
2022-04-04 23:00:00,2022-04-05 16:30:00,15163.050390625,15096.9998046875,-0.0043955921942136125,window,1
2022-04-05 23:00:00,2022-04-06 16:30:00,14825.3501953125,14597.9998046875,-0.015375717107652039,window,1
2022-04-06 23:00:00,2022-04-07 16:30:00,14500.3501953125,14459.799609375,-0.002837902904634785,window,1
2022-04-07 23:00:00,2022-04-08 16:30:00,14538.050390625,14458.9001953125,-0.005485618302982812,window,1
2022-04-08 23:00:00,2022-04-11 16:30:00,14332.050390625,14152.299609375,-0.01258373898601218,window,3
2022-07-11 23:00:00,2022-07-12 16:30:00,11863.749609375,11915.4998046875,0.004311469560355612,window,1
2022-07-18 23:00:00,2022-07-19 16:30:00,11879.749609375,12033.4998046875,0.012891702295782513,window,1
2022-07-20 23:00:00,2022-07-21 16:30:00,12438.050390625,12456.7,0.0014511606568667484,window,1
2022-07-21 23:00:00,2022-07-22 16:30:00,12619.65,12582.4998046875,-0.0029913821153913864,window,1
2022-07-22 23:00:00,2022-07-25 16:30:00,12398.15,12397.9001953125,-6.854286224145607e-05,window,3
2022-07-25 23:00:00,2022-07-26 16:30:00,12336.65,12254.600390625,-0.006699518051902171,window,1
2022-07-26 23:00:00,2022-07-27 16:30:00,12083.8501953125,12274.7,0.015744137970305338,window,1
2022-07-27 23:00:00,2022-07-28 16:30:00,12593.749609375,12585.299609375,-0.0007186104441255475,window,1
2022-07-28 23:00:00,2022-07-29 16:30:00,12718.15,12778.799609375,0.004721567946202953,window,1
2022-07-29 23:00:00,2022-08-01 16:30:00,12949.249609375,12876.9001953125,-0.005633485820652108,window,3
2022-08-01 23:00:00,2022-08-02 16:30:00,12941.550390625,12842.7,-0.007684580875027297,window,1
2022-08-02 23:00:00,2022-08-03 16:30:00,12902.4498046875,12972.4001953125,0.005374978525380962,window,1
2022-08-03 23:00:00,2022-08-04 16:30:00,13252.3501953125,13252.2,-5.6608473323038266e-05,window,1
2022-08-04 23:00:00,2022-08-05 16:30:00,13312.4498046875,13094.2,-0.016439483934086934,window,1
2022-08-05 23:00:00,2022-08-08 16:30:00,13205.4498046875,13245.100390625,0.0029571568189702573,window,3
2022-08-08 23:00:00,2022-08-09 16:30:00,13161.865390625,13079.9998046875,-0.0062654937951453615,window,1
2022-08-09 23:00:00,2022-08-10 16:30:00,13010.749609375,13317.2,0.023507514924783285,window,1
2022-08-10 23:00:00,2022-08-11 16:30:00,13373.65,13466.9998046875,0.0069352648444890586,window,1
2022-08-11 23:00:00,2022-08-12 16:30:00,13297.6651953125,13381.9998046875,0.006296940714413345,window,1
2022-08-12 23:00:00,2022-08-15 16:30:00,13560.050390625,13514.2,-0.003425532301643457,window,3
2022-08-15 23:00:00,2022-08-16 16:30:00,13665.4498046875,13619.9001953125,-0.0033771013786292456,window,1
2022-08-16 23:00:00,2022-08-17 16:30:00,13635.4498046875,13492.9998046875,-0.010491036383033156,window,1
2022-08-17 23:00:00,2022-08-18 16:30:00,13473.249609375,13468.9998046875,-0.00035995805229677494,window,1
2022-08-18 23:00:00,2022-08-19 16:30:00,13507.564609375,13377.2,-0.009695649301881014,window,1
2022-08-19 23:00:00,2022-08-22 16:30:00,13243.550390625,13061.100390625,-0.01382182229091517,window,3
2022-08-22 23:00:00,2022-08-23 16:30:00,12897.9498046875,12880.799609375,-0.0013762028524911733,window,1
2022-08-23 23:00:00,2022-08-24 16:30:00,12883.749609375,12858.799609375,-0.001983118329263957,window,1
2022-08-24 23:00:00,2022-08-25 16:30:00,12919.550390625,12992.600390625,0.005607780287197457,window,1
2022-08-25 23:00:00,2022-08-26 16:30:00,13146.050390625,13133.4001953125,-0.0010079221453424658,window,1
2022-08-26 23:00:00,2022-08-29 16:30:00,12607.749609375,12492.100390625,-0.009220457444963621,window,3
2022-08-29 23:00:00,2022-08-30 16:30:00,12484.4498046875,12551.299609375,0.005306585850713779,window,1
2022-08-30 23:00:00,2022-08-31 16:30:00,12349.1651953125,12464.7,0.009307091035686168,window,1
2022-09-13 23:00:00,2022-09-14 16:30:00,12040.9498046875,12085.799609375,0.0036749430406457467,window,1
2022-11-11 23:00:00,2022-11-14 16:30:00,11815.15,11726.4998046875,-0.007553877463468421,window,3
2022-11-14 23:00:00,2022-11-15 16:30:00,11707.4498046875,11984.9998046875,0.023655877635205762,window,1
2022-11-15 23:00:00,2022-11-16 16:30:00,11872.3501953125,11785.299609375,-0.0073827493710643365,window,1
2022-11-16 23:00:00,2022-11-17 16:30:00,11702.15,11511.9998046875,-0.01630044011677332,window,1
2022-11-17 23:00:00,2022-11-18 16:30:00,11678.15,11803.4001953125,0.010673796390053314,window,1
2022-11-18 23:00:00,2022-11-21 16:30:00,11679.65,11621.299609375,-0.005047273730377101,window,3
2022-11-21 23:00:00,2022-11-22 16:30:00,11556.8501953125,11587.799609375,0.0026260973837673282,window,1
2022-11-22 23:00:00,2022-11-23 16:30:00,11724.749609375,11721.9998046875,-0.00028570372921400694,window,1
2022-11-23 23:00:00,2022-11-24 16:30:00,11845.9498046875,11890.600390625,0.003718620006313893,window,1
2022-11-28 23:00:00,2022-11-29 16:30:00,11589.3501953125,11600.4001953125,0.0009016898983885881,window,1
2022-11-29 23:00:00,2022-11-30 16:30:00,11503.65,11513.299609375,0.0007866728712192298,window,1
2022-11-30 23:00:00,2022-12-01 16:30:00,12032.8501953125,12033.9001953125,3.739762339735542e-05,window,1
2022-12-01 23:00:00,2022-12-02 16:30:00,12041.8501953125,11826.4998046875,-0.017933323129120257,window,1
2022-12-02 23:00:00,2022-12-05 16:30:00,11995.65,11906.100390625,-0.007515191704909606,window,3
2022-12-05 23:00:00,2022-12-06 16:30:00,11787.3501953125,11783.299609375,-0.00039454040649002835,window,1
2022-12-06 23:00:00,2022-12-07 16:30:00,11548.9498046875,11496.4001953125,-0.004602116233410807,window,1
2022-12-07 23:00:00,2022-12-08 16:30:00,11496.050390625,11552.4998046875,0.004858139288259048,window,1
2022-12-08 23:00:00,2022-12-09 16:30:00,11634.064609375,11592.799609375,-0.0035984843995333863,window,1
2022-12-09 23:00:00,2022-12-12 16:30:00,11563.249609375,11572.4998046875,0.0007480765013917778,window,3
2022-12-12 23:00:00,2022-12-13 16:30:00,11709.4498046875,12160.9998046875,0.038511630138204946,window,1
2022-12-13 23:00:00,2022-12-14 16:30:00,11834.550390625,11808.299609375,-0.0022688467549446868,window,1
2022-12-14 23:00:00,2022-12-15 16:30:00,11740.564609375,11565.4001953125,-0.014970695184637811,window,1
2022-12-15 23:00:00,2022-12-16 16:30:00,11354.3501953125,11323.4998046875,-0.0027698978879463136,window,1
2023-01-12 23:00:00,2023-01-13 16:30:00,11457.9498046875,11355.600390625,-0.008984976877833924,window,1
2023-01-13 23:00:00,2023-01-16 16:30:00,11539.4498046875,11521.4001953125,-0.0016161610553930528,window,3
2023-01-17 23:00:00,2023-01-18 16:30:00,11558.749609375,11628.4001953125,0.00597388024406169,window,1
2023-01-18 23:00:00,2023-01-19 16:30:00,11413.3501953125,11331.9001953125,-0.007188949659469585,window,1
2023-01-23 23:00:00,2023-01-24 16:30:00,11870.8501953125,11797.4998046875,-0.006229578287004251,window,1
2023-01-24 23:00:00,2023-01-25 16:30:00,11845.249609375,11652.9998046875,-0.01628077170571962,window,1
2023-01-25 23:00:00,2023-01-26 16:30:00,11817.249609375,11957.600390625,0.011825998931183813,window,1
2023-01-26 23:00:00,2023-01-27 16:30:00,12047.8501953125,11989.9998046875,-0.004851520368981714,window,1
2023-01-27 23:00:00,2023-01-30 16:30:00,12166.65,12025.4001953125,-0.011658904027608169,window,3
2023-01-30 23:00:00,2023-01-31 16:30:00,11916.65,11919.299609375,0.00017199543286083684,window,1
2023-01-31 23:00:00,2023-02-01 16:30:00,12100.749609375,12090.4001953125,-0.0009048541963066405,window,1
2023-02-01 23:00:00,2023-02-02 16:30:00,12364.9498046875,12625.4001953125,0.021015078486326964,window,1
2023-02-02 23:00:00,2023-02-03 16:30:00,12794.550390625,12519.799609375,-0.02152094234212073,window,1
2023-02-03 23:00:00,2023-02-06 16:30:00,12577.064609375,12457.799609375,-0.009530443209352006,window,3
2023-02-06 23:00:00,2023-02-07 16:30:00,12466.3501953125,12456.4998046875,-0.0008382879079498652,window,1
2023-02-07 23:00:00,2023-02-08 16:30:00,12725.4498046875,12670.4998046875,-0.004365268092883972,window,1
2023-02-08 23:00:00,2023-02-09 16:30:00,12500.064609375,12676.2,0.01404275866649119,window,1
2023-02-09 23:00:00,2023-02-10 16:30:00,12385.4498046875,12292.2,-0.007577424006997286,window,1
2023-02-10 23:00:00,2023-02-13 16:30:00,12303.4498046875,12357.9998046875,0.004384949006696207,window,3
2023-02-13 23:00:00,2023-02-14 16:30:00,12503.15,12430.2,-0.005882517605563312,window,1
2023-02-14 23:00:00,2023-02-15 16:30:00,12591.3501953125,12507.2,-0.006730826638754727,window,1
2023-02-15 23:00:00,2023-02-16 16:30:00,12689.050390625,12480.4001953125,-0.016490611107281786,window,1
2023-02-16 23:00:00,2023-02-17 16:30:00,12443.749609375,12352.100390625,-0.007413297570733764,window,1
2023-02-17 23:00:00,2023-02-20 16:30:00,12356.8501953125,12357.4998046875,4.014726586222631e-06,window,3
2023-02-21 23:00:00,2023-02-22 16:30:00,12065.249609375,12086.799609375,0.0017363917596634239,window,1
2023-02-22 23:00:00,2023-02-23 16:30:00,12071.65,12219.100390625,0.01216489797376507,window,1
2023-02-23 23:00:00,2023-02-24 16:30:00,12179.550390625,11966.100390625,-0.01757454036766088,window,1
2023-02-24 23:00:00,2023-02-27 16:30:00,11973.249609375,12105.4001953125,0.0109870411316321,window,3
2023-02-27 23:00:00,2023-02-28 16:30:00,12058.8501953125,12030.600390625,-0.0023924175373464186,window,1
2023-02-28 23:00:00,2023-03-01 16:30:00,12040.65,12026.7,-0.0012084065229035733,window,1
2023-03-01 23:00:00,2023-03-02 16:30:00,11943.249609375,11833.9998046875,-0.009197647899887395,window,1
2023-03-02 23:00:00,2023-03-03 16:30:00,12046.249609375,12113.299609375,0.005516239672494113,window,1
2023-03-03 23:00:00,2023-03-06 16:30:00,12292.550390625,12340.4001953125,0.003843775553975885,window,3
2023-03-06 23:00:00,2023-03-07 16:30:00,12306.65,12307.4001953125,1.2204402701067425e-05,window,1
2023-03-07 23:00:00,2023-03-08 16:30:00,12154.4498046875,12170.7,0.0012876103455102853,window,1
2023-03-08 23:00:00,2023-03-09 16:30:00,12216.749609375,12232.299609375,0.0012237297544781165,window,1
2023-03-09 23:00:00,2023-03-10 16:30:00,11996.7648046875,12008.7,0.0009448543417364969,window,1
2023-03-10 23:00:00,2023-03-13 16:30:00,11832.9498046875,11761.9001953125,-0.006055092817736424,window,3
2023-03-15 23:00:00,2023-03-16 16:30:00,12260.249609375,12209.799609375,-0.004163863022899851,window,1
2023-03-16 23:00:00,2023-03-17 16:30:00,12580.4498046875,12573.9998046875,-0.000560393317365494,window,1
2023-03-17 23:00:00,2023-03-20 16:30:00,12519.1651953125,12494.600390625,-0.0020101024545088495,window,3
2023-03-20 23:00:00,2023-03-21 16:30:00,12564.749609375,12644.100390625,0.006267596545755466,window,1
2023-03-21 23:00:00,2023-03-22 16:30:00,12744.9498046875,12739.100390625,-0.0005060368350863854,window,1
2023-03-22 23:00:00,2023-03-23 16:30:00,12569.550390625,12721.600390625,0.012048959214401184,window,1
2023-03-23 23:00:00,2023-03-24 16:30:00,12721.249609375,12700.600390625,-0.001670371968359081,window,1
2023-03-24 23:00:00,2023-03-27 16:30:00,12769.7648046875,12793.799609375,0.0018351790378236396,window,3
2023-03-27 23:00:00,2023-03-28 16:30:00,12679.050390625,12655.4001953125,-0.0019126192076994752,window,1
2023-03-28 23:00:00,2023-03-29 16:30:00,12613.050390625,12763.9998046875,0.011920146943538136,window,1
2023-03-29 23:00:00,2023-03-30 16:30:00,12847.249609375,12939.100390625,0.0071027483721817644,window,1
2023-03-30 23:00:00,2023-03-31 16:30:00,12964.4498046875,12971.4001953125,0.0004898310935420498,window,1
2023-03-31 23:00:00,2023-04-03 16:30:00,13178.3501953125,13086.4998046875,-0.007015323561357721,window,3
2023-04-03 23:00:00,2023-04-04 16:30:00,13149.249609375,13161.600390625,0.0008936465272986495,window,1
2023-04-04 23:00:00,2023-04-05 16:30:00,13103.550390625,13055.9998046875,-0.00367462134323141,window,1
2023-04-05 23:00:00,2023-04-06 16:30:00,12967.4498046875,12900.4001953125,-0.005216878445177771,window,1
2023-04-06 23:00:00,2023-04-07 16:14:00,13060.9498046875,13069.7,0.0006240124519562914,window,1
2023-04-10 23:00:00,2023-04-11 16:30:00,13052.7648046875,13047.7,-0.0004339927036351009,window,1
2023-04-11 23:00:00,2023-04-12 16:30:00,12967.9498046875,13047.100390625,0.006057286396120037,window,1
2023-04-12 23:00:00,2023-04-13 16:30:00,12851.9498046875,12920.299609375,0.0052715584574404934,window,1
2023-04-13 23:00:00,2023-04-14 16:30:00,13109.4498046875,13035.9001953125,-0.00565619537659662,window,1
2023-04-14 23:00:00,2023-04-17 16:30:00,13081.3501953125,13061.799609375,-0.0015404056642959961,window,3
2023-04-17 23:00:00,2023-04-18 16:30:00,13089.865390625,13179.7,0.006817076166337865,window,1
2023-04-18 23:00:00,2023-04-19 16:30:00,13091.3501953125,12988.2,-0.00792509510208105,window,1
2023-04-19 23:00:00,2023-04-20 16:30:00,13088.249609375,12953.799609375,-0.010318415680524901,window,1
2023-04-20 23:00:00,2023-04-21 16:30:00,12988.249609375,12967.799609375,-0.001620695677484123,window,1
2023-04-21 23:00:00,2023-04-24 16:30:00,13000.550390625,12986.799609375,-0.0011038595150823455,window,3
2023-04-24 23:00:00,2023-04-25 16:30:00,12973.3501953125,12904.100390625,-0.005384099221551645,window,1
2023-04-25 23:00:00,2023-04-26 16:30:00,12727.3501953125,12868.4998046875,0.011043116376790332,window,1
2023-04-26 23:00:00,2023-04-27 16:30:00,12802.2648046875,12957.2,0.01205530409400619,window,1
2023-04-27 23:00:00,2023-04-28 16:30:00,13153.749609375,13143.7,-0.0008096253685267561,window,1
2023-04-28 23:00:00,2023-05-01 16:30:00,13247.9498046875,13223.4001953125,-0.0018983774656287017,window,3
2023-05-01 23:00:00,2023-05-02 16:30:00,13228.65,13226.7,-0.00019276343391040724,window,1
2023-05-02 23:00:00,2023-05-03 16:30:00,13113.9498046875,13127.4001953125,0.0009799023800142806,window,1
2023-05-03 23:00:00,2023-05-04 16:30:00,13030.8501953125,13014.100390625,-0.0013314407293040663,window,1
2023-05-04 23:00:00,2023-05-05 16:30:00,12983.749609375,13070.4998046875,0.006635232340763549,window,1
2023-05-05 23:00:00,2023-05-08 16:30:00,13258.2648046875,13233.9001953125,-0.0018829469574459777,window,3
2023-05-08 23:00:00,2023-05-09 16:30:00,13292.749609375,13218.799609375,-0.005608320489797002,window,1
2023-05-09 23:00:00,2023-05-10 16:30:00,13202.9498046875,13305.7,0.00773692218963328,window,1
2023-05-10 23:00:00,2023-05-11 16:30:00,13349.2648046875,13364.100390625,0.0010663947525036627,window,1
2023-05-11 23:00:00,2023-05-12 16:30:00,13391.4498046875,13409.100390625,0.0012732442107599702,window,1
2023-05-12 23:00:00,2023-05-15 16:30:00,13340.3501953125,13357.9001953125,0.0012705813379589497,window,3
2023-05-15 23:00:00,2023-05-16 16:30:00,13416.9498046875,13380.2,-0.0027837776268977285,window,1
2023-05-16 23:00:00,2023-05-17 16:30:00,13427.3501953125,13466.600390625,0.0028784678101263727,window,1
2023-05-17 23:00:00,2023-05-18 16:30:00,13586.550390625,13594.299609375,0.0005261982287228847,window,1
2023-05-18 23:00:00,2023-05-19 16:30:00,13837.050390625,13839.799609375,0.00015532347496958232,window,1
2023-05-19 23:00:00,2023-05-22 16:30:00,13803.8501953125,13794.100390625,-0.0007497766594868934,window,3
2023-05-22 23:00:00,2023-05-23 16:30:00,13853.9498046875,13779.299609375,-0.005431678068231337,window,1
2023-05-23 23:00:00,2023-05-24 16:30:00,13676.8501953125,13594.4998046875,-0.006065021510100966,window,1
2023-05-24 23:00:00,2023-05-25 16:30:00,13605.550390625,13906.4998046875,0.022075506351397513,window,1
2023-05-25 23:00:00,2023-05-26 16:30:00,13937.050390625,13979.4001953125,0.0029955983165264885,window,1
2023-05-26 23:00:00,2023-05-29 16:30:00,14293.550390625,14338.299609375,0.0030887510480921616,window,3
2023-05-30 23:00:00,2023-05-31 16:30:00,14358.4498046875,14291.4998046875,-0.004704546863962038,window,1
2023-05-31 23:00:00,2023-06-01 16:30:00,14262.8501953125,14258.4001953125,-0.00035406667887871366,window,1
2023-06-01 23:00:00,2023-06-02 16:30:00,14439.9498046875,14510.100390625,0.004816539314764346,window,1
2023-06-02 23:00:00,2023-06-05 16:30:00,14549.365390625,14541.4998046875,-0.0005818525901448791,window,3
2023-06-05 23:00:00,2023-06-06 16:30:00,14557.4498046875,14531.7,-0.0018100563657114084,window,1
2023-06-06 23:00:00,2023-06-07 16:30:00,14556.249609375,14565.299609375,0.0005805066707951231,window,1
2023-06-07 23:00:00,2023-06-08 16:30:00,14307.8501953125,14315.799609375,0.0005136630564463757,window,1
2023-06-08 23:00:00,2023-06-09 16:30:00,14481.3501953125,14542.9001953125,0.0042088616860967935,window,1
2023-06-09 23:00:00,2023-06-12 16:30:00,14543.9498046875,14606.4998046875,0.004259503149552583,window,3
2023-06-12 23:00:00,2023-06-13 16:30:00,14790.15,14896.4998046875,0.007150015698792851,window,1
2023-06-13 23:00:00,2023-06-14 16:30:00,14899.15,14900.600390625,5.7076452348025994e-05,window,1
2023-06-14 23:00:00,2023-06-15 16:30:00,15008.749609375,14947.2,-0.00414089187923943,window,1
2023-06-15 23:00:00,2023-06-16 16:30:00,15189.65,15277.4001953125,0.005737472246727284,window,1
2023-06-16 23:00:00,2023-06-19 16:30:00,15091.3501953125,15065.4998046875,-0.0017526854974987342,window,3
2023-06-20 23:00:00,2023-06-21 16:30:00,15071.4498046875,15016.299609375,-0.003699059880434301,window,1
2023-06-21 23:00:00,2023-06-22 16:30:00,14867.249609375,14806.9001953125,-0.004099575621846383,window,1
2023-06-22 23:00:00,2023-06-23 16:30:00,15040.749609375,14872.9001953125,-0.011199535823500662,window,1
2023-06-23 23:00:00,2023-06-26 16:30:00,14891.749609375,14868.799609375,-0.001581412568552265,window,3
2023-06-26 23:00:00,2023-06-27 16:30:00,14692.050390625,14754.4001953125,0.004202939892372248,window,1
2023-06-27 23:00:00,2023-06-28 16:30:00,14943.550390625,14865.600390625,-0.005256448296870476,window,1
2023-06-28 23:00:00,2023-06-29 16:30:00,14975.550390625,14952.299609375,-0.0015926480581929052,window,1
2023-06-29 23:00:00,2023-06-30 16:30:00,14943.749609375,15091.9998046875,0.009880398104360123,window,1
2023-06-30 23:00:00,2023-07-03 16:30:00,15170.9498046875,15199.299609375,0.0018291408939291984,window,3
2023-07-05 23:00:00,2023-07-06 16:30:00,15204.749609375,15043.9998046875,-0.010611802813774274,window,1
2023-07-06 23:00:00,2023-07-07 16:30:00,15090.65,15074.2,-0.0011298386749410338,window,1
2023-07-07 23:00:00,2023-07-10 16:30:00,15038.1651953125,15030.299609375,-0.0005629400812898504,window,3
2023-07-10 23:00:00,2023-07-11 16:30:00,15046.064609375,15060.299609375,0.0009062170310969419,window,1
2023-07-11 23:00:00,2023-07-12 16:30:00,15117.8501953125,15286.9001953125,0.011142457282202159,window,1
2023-07-12 23:00:00,2023-07-13 16:30:00,15312.249609375,15439.600390625,0.00827773739871621,window,1
2023-07-13 23:00:00,2023-07-14 16:30:00,15569.15,15584.4001953125,0.0009409759243440452,window,1
2023-07-14 23:00:00,2023-07-17 16:30:00,15568.550390625,15594.100390625,0.001602589796351584,window,3
2023-07-17 23:00:00,2023-07-18 16:30:00,15706.865390625,15680.9998046875,-0.0016849692971390717,window,1
2023-07-18 23:00:00,2023-07-19 16:30:00,15841.3501953125,15881.9001953125,0.0025218809954610064,window,1
2023-07-19 23:00:00,2023-07-20 16:30:00,15826.15,15704.100390625,-0.007749807083529406,window,1
2023-07-20 23:00:00,2023-07-21 16:30:00,15469.65,15566.4998046875,0.006221847597553991,window,1
2023-07-21 23:00:00,2023-07-24 16:30:00,15422.550390625,15470.799609375,0.0030895810059382856,window,3
2023-07-24 23:00:00,2023-07-25 16:30:00,15451.749609375,15475.299609375,0.0014852686964378905,window,1
2023-07-25 23:00:00,2023-07-26 16:30:00,15559.550390625,15509.9998046875,-0.0032231385019785555,window,1
2023-07-26 23:00:00,2023-07-27 16:30:00,15505.8501953125,15725.100390625,0.014101141992110836,window,1
2023-07-27 23:00:00,2023-07-28 16:30:00,15464.9498046875,15634.7,0.010937649164643966,window,1
2023-07-28 23:00:00,2023-07-31 16:30:00,15746.550390625,15756.799609375,0.0006127830229880655,window,3
2023-07-31 23:00:00,2023-08-01 16:30:00,15762.4498046875,15697.9001953125,-0.004133215977355529,window,1
2023-08-01 23:00:00,2023-08-02 16:30:00,15718.550390625,15571.600390625,-0.009386997931310639,window,1
2023-08-02 23:00:00,2023-08-03 16:30:00,15374.550390625,15266.2,-0.007086411495417389,window,1
2023-08-03 23:00:00,2023-08-04 16:30:00,15350.65,15426.299609375,0.004889018339614355,window,1
2023-08-04 23:00:00,2023-08-07 16:30:00,15276.749609375,15355.799609375,0.005135254684796174,window,3
2023-08-07 23:00:00,2023-08-08 16:30:00,15406.050390625,15300.600390625,-0.00688365916708498,window,1
2023-08-08 23:00:00,2023-08-09 16:30:00,15274.550390625,15284.2,0.0005924632243549004,window,1
2023-08-09 23:00:00,2023-08-10 16:30:00,15105.749609375,15225.100390625,0.007861296812195367,window,1
2023-08-15 23:00:00,2023-08-16 16:30:00,15041.9498046875,15014.9001953125,-0.0018381665764090308,window,1
2023-08-24 23:00:00,2023-08-25 16:30:00,14815.9498046875,14853.600390625,0.002500722965852581,window,1
2023-08-30 23:00:00,2023-08-31 16:30:00,15465.4498046875,15452.4001953125,-0.0008825872863304487,window,1
2023-08-31 23:00:00,2023-09-01 16:30:00,15501.050390625,15599.600390625,0.006318926623142973,window,1
2023-09-01 23:00:00,2023-09-04 16:30:00,15494.65,15530.4001953125,0.002268537547637481,window,3
2023-09-05 23:00:00,2023-09-06 16:30:00,15508.050390625,15473.600390625,-0.0022601164632007837,window,1
2023-09-06 23:00:00,2023-09-07 16:30:00,15374.550390625,15177.799609375,-0.012836198538224458,window,1
2023-09-07 23:00:00,2023-09-08 16:30:00,15261.249609375,15256.7,-0.0003374303878651915,window,1
2023-09-11 23:00:00,2023-09-12 16:30:00,15462.9498046875,15388.299609375,-0.004866483838011766,window,1
2023-09-12 23:00:00,2023-09-13 16:30:00,15291.65,15300.4998046875,0.0005394973523132619,window,1
2023-09-14 23:00:00,2023-09-15 16:30:00,15472.3501953125,15413.4998046875,-0.003842363304510131,window,1
2023-09-15 23:00:00,2023-09-18 16:30:00,15202.9498046875,15169.799609375,-0.0022199767641206554,window,3
2023-10-11 23:00:00,2023-10-12 16:30:00,15241.15,15258.9998046875,0.0011317915437812167,window,1
2023-10-12 23:00:00,2023-10-13 16:30:00,15186.65,15214.799609375,0.0018140675774447354,window,1
2023-10-13 23:00:00,2023-10-16 16:30:00,14996.749609375,15056.9001953125,0.0039708995274732005,window,3
2023-10-17 23:00:00,2023-10-18 16:30:00,15120.550390625,15010.299609375,-0.007331134012074606,window,1
2023-10-18 23:00:00,2023-10-19 16:30:00,14907.550390625,14973.9001953125,0.004410503601507164,window,1
2023-11-06 23:00:00,2023-11-07 16:30:00,15156.9498046875,15200.100390625,0.0028073317181760227,window,1
2023-11-07 23:00:00,2023-11-08 16:30:00,15299.9498046875,15313.799609375,0.0008660031475032488,window,1
2023-11-08 23:00:00,2023-11-09 16:30:00,15312.15,15335.799609375,0.0015053150194454137,window,1
2023-11-09 23:00:00,2023-11-10 16:30:00,15191.9498046875,15261.100390625,0.004512296763668196,window,1
2023-11-10 23:00:00,2023-11-13 16:30:00,15531.3501953125,15463.600390625,-0.004400763863281345,window,3
2023-11-13 23:00:00,2023-11-14 16:30:00,15483.249609375,15747.100390625,0.017002295247543164,window,1
2023-11-14 23:00:00,2023-11-15 16:30:00,15811.249609375,15887.100390625,0.004759319036073055,window,1
2023-11-15 23:00:00,2023-11-16 16:30:00,15822.9498046875,15784.9998046875,-0.002436334594740267,window,1
2023-11-16 23:00:00,2023-11-17 16:30:00,15833.8501953125,15801.4001953125,-0.0020873002834006305,window,1
2023-11-17 23:00:00,2023-11-20 16:30:00,15838.249609375,15835.799609375,-0.00019257178509129874,window,3
2023-11-20 23:00:00,2023-11-21 16:30:00,16031.65,15955.7,-0.004774929592399966,window,1
2023-11-21 23:00:00,2023-11-22 16:30:00,15935.550390625,16019.4998046875,0.005230406984344649,window,1
2023-11-22 23:00:00,2023-11-23 16:30:00,16001.3501953125,16017.600390625,0.0009780546717292472,window,1
2023-11-27 23:00:00,2023-11-28 16:30:00,15964.4498046875,15934.2,-0.0019324063819876056,window,1
2023-11-28 23:00:00,2023-11-29 16:30:00,16007.8501953125,16106.799609375,0.006143823990263244,window,1
2023-11-29 23:00:00,2023-11-30 16:30:00,15988.3501953125,15996.4998046875,0.00047219439671858723,window,1
2023-11-30 23:00:00,2023-12-01 16:30:00,15946.15,15899.2,-0.0029819109941897517,window,1
2023-12-01 23:00:00,2023-12-04 16:30:00,15993.050390625,15829.9001953125,-0.010238834450774193,window,3
2023-12-04 23:00:00,2023-12-05 16:30:00,15839.749609375,15761.299609375,-0.004990609192029901,window,1
2023-12-05 23:00:00,2023-12-06 16:30:00,15884.249609375,16007.2,0.007702623267314372,window,1
2023-12-06 23:00:00,2023-12-07 16:30:00,15790.249609375,15910.4998046875,0.007577473331483137,window,1
2023-12-07 23:00:00,2023-12-08 16:30:00,16014.3501953125,15937.9998046875,-0.0048050897905006955,window,1
2023-12-08 23:00:00,2023-12-11 16:30:00,16083.8501953125,16061.100390625,-0.001451754673411719,window,3
2023-12-11 23:00:00,2023-12-12 16:30:00,16221.8501953125,16221.299609375,-7.092815700094336e-05,window,1
2023-12-12 23:00:00,2023-12-13 16:30:00,16352.050390625,16387.7,0.002143438195071599,window,1
2023-12-13 23:00:00,2023-12-14 16:30:00,16560.249609374998,16599.799609375,0.0023520176880638772,window,1
2023-12-14 23:00:00,2023-12-15 16:30:00,16543.76578125,16577.600390625,0.0020088902257469864,window,1
2023-12-15 23:00:00,2023-12-18 16:30:00,16607.950781249998,16633.799609375,0.001520285582343384,window,3
2023-12-18 23:00:00,2023-12-19 16:30:00,16729.050390624998,16742.299609375,0.0007561229391174267,window,1
2023-12-19 23:00:00,2023-12-20 16:30:00,16810.649999999998,16777.50078125,-0.0020076093875012026,window,1
2023-12-20 23:00:00,2023-12-21 16:30:00,16555.149999999998,16721.50078125,0.01001203741735973,window,1
2023-12-21 23:00:00,2023-12-22 16:30:00,16753.450781249998,16802.7,0.0029038327318482815,window,1
2023-12-22 23:00:00,2023-12-26 16:30:00,16782.450781249998,16811.00078125,0.0016654301784832122,window,4
2023-12-26 23:00:00,2023-12-27 16:30:00,16880.149999999998,16891.7,0.0006486909180311142,window,1
2023-12-27 23:00:00,2023-12-28 16:30:00,16917.849218749998,16955.00078125,0.002160532466472921,window,1
2023-12-28 23:00:00,2023-12-29 16:30:00,16903.849218749998,16903.299609375,-6.800873340268121e-05,window,1
2023-12-29 23:00:00,2024-01-02 16:30:00,16833.149999999998,16676.600390625,-0.009335722035091299,window,4
2024-01-02 23:00:00,2024-01-03 16:30:00,16547.649999999998,16436.50078125,-0.006753177565998623,window,1
2024-01-03 23:00:00,2024-01-04 16:30:00,16370.3501953125,16288.4001953125,-0.0050426532734551,window,1
2024-01-04 23:00:00,2024-01-05 16:30:00,16286.15,16291.100390625,0.00026712210221575334,window,1
2024-01-05 23:00:00,2024-01-08 16:30:00,16305.749609375,16352.9998046875,0.0028609660046343124,window,3
2024-01-08 23:00:00,2024-01-09 16:30:00,16645.649999999998,16516.00078125,-0.00782482022330141,window,1
2024-01-09 23:00:00,2024-01-10 16:30:00,16676.349218749998,16685.100390625,0.0004887863505423697,window,1
2024-01-10 23:00:00,2024-01-11 16:30:00,16790.950781249998,16839.50078125,0.002855704874886977,window,1
2024-01-11 23:00:00,2024-01-12 16:30:00,16822.749609374998,16864.89921875,0.002469846507841269,window,1
2024-01-12 23:00:00,2024-01-15 16:30:00,16831.550390624998,16816.299609375,-0.000941730314922493,window,3
2024-01-16 23:00:00,2024-01-17 16:30:00,16832.149999999998,16689.7,-0.008498617229527845,window,1
2024-01-17 23:00:00,2024-01-18 16:30:00,16736.050390624998,16868.00078125,0.007848350570131004,window,1
2024-01-18 23:00:00,2024-01-19 16:30:00,16979.950781249998,17059.89921875,0.004673066401795635,window,1
2024-01-19 23:00:00,2024-01-22 16:30:00,17311.349218749998,17396.100390625,0.004861040627836126,window,3
2024-01-22 23:00:00,2024-01-23 16:30:00,17332.749609374998,17361.600390625,0.0016299076538163644,window,1
2024-01-23 23:00:00,2024-01-24 16:30:00,17402.849218749998,17567.100390625,0.009403699923957485,window,1
2024-01-24 23:00:00,2024-01-25 16:30:00,17503.450781249998,17604.50078125,0.00573886836689407,window,1
2024-01-25 23:00:00,2024-01-26 16:30:00,17521.249609374998,17442.100390625,-0.004551571407745148,window,1
2024-01-26 23:00:00,2024-01-29 16:30:00,17418.050390624998,17436.50078125,0.00102482139072296,window,3
2024-01-29 23:00:00,2024-01-30 16:30:00,17596.249609374998,17549.89921875,-0.0026682043996456312,window,1
2024-01-30 23:00:00,2024-01-31 16:30:00,17474.950781249998,17292.100390625,-0.010497905998215047,window,1
2024-01-31 23:00:00,2024-02-01 16:30:00,17134.050390624998,17209.50078125,0.00436851701253066,window,1
2024-02-01 23:00:00,2024-02-02 16:30:00,17344.249609374998,17413.600390625,0.003963894823840716,window,1
2024-02-02 23:00:00,2024-02-05 16:30:00,17636.849218749998,17630.100390625,-0.0004166746584863038,window,3
2024-02-05 23:00:00,2024-02-06 16:30:00,17605.749609374998,17651.299609375,0.0025531432059028715,window,1
2024-02-06 23:00:00,2024-02-07 16:30:00,17574.349218749998,17688.2,0.006444095302782315,window,1
2024-02-07 23:00:00,2024-02-08 16:30:00,17754.050390624998,17754.50078125,-8.426774268709443e-06,window,1
2024-02-08 23:00:00,2024-02-09 16:30:00,17784.649999999998,17827.7,0.00238688981790493,window,1
2024-02-09 23:00:00,2024-02-12 16:30:00,17958.749609374998,17948.00078125,-0.0006319386578602702,window,3
2024-02-12 23:00:00,2024-02-13 16:30:00,17886.550390624998,17553.7,-0.018642520963671718,window,1
2024-02-13 23:00:00,2024-02-14 16:30:00,17608.050390624998,17715.799609375,0.006085240351598043,window,1
2024-02-14 23:00:00,2024-02-15 16:30:00,17796.649999999998,17822.600390625,0.0014244473327847047,window,1
2024-02-15 23:00:00,2024-02-16 16:30:00,17847.450781249998,17862.50078125,0.0008096394368647679,window,1
2024-02-16 23:00:00,2024-02-19 16:30:00,17686.050390624998,17726.600390625,0.0022588423711141048,window,3
2024-02-20 23:00:00,2024-02-21 16:30:00,17552.349218749998,17436.7,-0.006623000562558079,window,1
2024-02-21 23:00:00,2024-02-22 16:30:00,17479.849218749998,17844.50078125,0.02082692807838972,window,1
2024-02-22 23:00:00,2024-02-23 16:30:00,17995.149999999998,18055.89921875,0.003342523888381198,window,1
2024-02-23 23:00:00,2024-02-26 16:30:00,17938.149999999998,17969.00078125,0.0016863935940998884,window,3
2024-02-26 23:00:00,2024-02-27 16:30:00,17930.550390624998,17973.799609375,0.002378578338136351,window,1
2024-02-27 23:00:00,2024-02-28 16:30:00,17972.550390624998,17880.299609375,-0.005166255163119795,window,1
2024-02-28 23:00:00,2024-02-29 16:30:00,17877.450781249998,17993.799609375,0.006474571209358391,window,1
2024-02-29 23:00:00,2024-03-01 16:30:00,18024.550390624998,18058.39921875,0.001844641192398143,window,1
2024-03-01 23:00:00,2024-03-04 16:30:00,18297.849218749998,18293.799609375,-0.00025410687996229556,window,3
2024-03-04 23:00:00,2024-03-05 16:30:00,18226.064609375,18103.299609375,-0.006768603241785051,window,1
2024-03-05 23:00:00,2024-03-06 16:30:00,17901.149999999998,18077.799609375,0.009834541879991113,window,1
2024-03-06 23:00:00,2024-03-07 16:30:00,18015.950781249998,18161.50078125,0.008045648090405465,window,1
2024-03-07 23:00:00,2024-03-08 16:30:00,18288.550390624998,18300.89921875,0.0006424143999420285,window,1
2024-03-08 23:00:00,2024-03-11 16:30:00,18022.550390624998,17958.50078125,-0.003587150984392677,window,3
2024-03-11 23:00:00,2024-03-12 16:30:00,17953.950781249998,18051.7,0.005411021781983472,window,1
2024-03-12 23:00:00,2024-03-13 16:30:00,18215.149999999998,18169.39921875,-0.002544628029414915,window,1
2024-03-13 23:00:00,2024-03-14 16:30:00,18072.450781249998,18118.799609375,0.002531412517247904,window,1
2024-03-14 23:00:00,2024-03-15 16:30:00,18026.249609374998,17903.600390625,-0.006837208039430357,window,1
2024-03-15 23:00:00,2024-03-18 16:30:00,17809.950781249998,18038.299609375,0.012787729226336373,window,3
2024-03-18 23:00:00,2024-03-19 16:30:00,17982.249609374998,17897.299609375,-0.004757469274333497,window,1
2024-03-19 23:00:00,2024-03-20 16:30:00,18025.950781249998,18070.00078125,0.002410413771083752,window,1
2024-03-20 23:00:00,2024-03-21 16:30:00,18237.550390624998,18447.2,0.011462592557521582,window,1
2024-03-21 23:00:00,2024-03-22 16:30:00,18316.450781249998,18302.600390625,-0.0007889296238433661,window,1
2024-03-22 23:00:00,2024-03-25 16:30:00,18336.749609374998,18221.00078125,-0.00634511735196033,window,3
2024-03-25 23:00:00,2024-03-26 16:30:00,18275.649999999998,18337.00078125,0.0033241379239590885,window,1
2024-03-26 23:00:00,2024-03-27 16:30:00,18221.950781249998,18347.100390625,0.006835141356169276,window,1
2024-03-27 23:00:00,2024-03-28 16:30:00,18283.050390624998,18280.00078125,-0.00019961709326516433,window,1
2024-03-28 23:00:00,2024-04-01 16:30:00,18243.249609374998,18285.00078125,0.002255693078598003,window,4
2024-04-01 23:00:00,2024-04-02 16:30:00,18283.450781249998,18081.2,-0.011094775470833118,window,1
2024-04-02 23:00:00,2024-04-03 16:30:00,18124.450781249998,18035.89921875,-0.004918855946367525,window,1
2024-04-03 23:00:00,2024-04-04 16:30:00,18162.950781249998,18340.299609375,0.009731283768464785,window,1
2024-04-04 23:00:00,2024-04-05 16:30:00,17884.749609374998,17954.299609375,0.0038552398834736856,window,1
2024-04-08 23:00:00,2024-04-09 16:30:00,18104.050390624998,18198.50078125,0.00518394439918276,window,1
2024-04-09 23:00:00,2024-04-10 16:30:00,18168.649999999998,17947.39921875,-0.012210636522251081,window,1
2024-04-10 23:00:00,2024-04-11 16:30:00,18009.349218749998,18093.2,0.004622642397501426,window,1
2024-04-11 23:00:00,2024-04-12 16:30:00,18305.249609374998,18120.100390625,-0.010147319633099458,window,1
2024-04-12 23:00:00,2024-04-15 16:30:00,18009.550390624998,18162.799609375,0.008476014972004274,window,3
2024-04-15 23:00:00,2024-04-16 16:30:00,17709.349218749998,17700.89921875,-0.000511029506968855,window,1
2024-05-07 23:00:00,2024-05-08 16:30:00,18090.349218749998,17980.50078125,-0.006105378960043583,window,1
2024-05-08 23:00:00,2024-05-09 16:30:00,18080.950781249998,18088.50078125,0.0003843824411717376,window,1
2024-05-09 23:00:00,2024-05-10 16:30:00,18118.950781249998,18174.7,0.0030437313625838024,window,1
2024-05-10 23:00:00,2024-05-13 16:30:00,18157.349218749998,18235.00078125,0.004243546873044465,window,3
2024-05-13 23:00:00,2024-05-14 16:30:00,18199.349218749998,18177.600390625,-0.0012280014991949309,window,1
2024-05-14 23:00:00,2024-05-15 16:30:00,18316.149999999998,18419.100390625,0.005587986046467348,window,1
2024-05-15 23:00:00,2024-05-16 16:30:00,18598.349218749998,18580.299609375,-0.0010027561669933272,window,1
2024-05-16 23:00:00,2024-05-17 16:30:00,18559.349218749998,18562.799609375,0.00015358246624958376,window,1
2024-05-17 23:00:00,2024-05-20 16:30:00,18549.849218749998,18554.39921875,0.00021293973624380143,window,3
2024-05-20 23:00:00,2024-05-21 16:30:00,18678.649999999998,18598.100390625,-0.0043445114810222955,window,1
2024-05-21 23:00:00,2024-05-22 16:30:00,18714.450781249998,18723.00078125,0.00042480541336366724,window,1
2024-05-22 23:00:00,2024-05-23 16:30:00,18710.249609374998,18908.600390625,0.01056911507748766,window,1
2024-05-23 23:00:00,2024-05-24 16:30:00,18625.950781249998,18692.2,0.003524610341829603,window,1
2024-05-24 23:00:00,2024-05-27 16:30:00,18804.849218749998,18809.50078125,0.00021545307026249195,window,3
2024-05-28 23:00:00,2024-05-29 16:30:00,18876.149999999998,18698.600390625,-0.009437814881477267,window,1
2024-05-29 23:00:00,2024-05-30 16:30:00,18746.050390624998,18704.00078125,-0.0022751250789513717,window,1
2024-05-30 23:00:00,2024-05-31 16:30:00,18539.349218749998,18545.600390625,0.00030482040163996307,window,1
2024-05-31 23:00:00,2024-06-03 16:30:00,18537.749609374998,18660.89921875,0.006610813715653303,window,3
2024-06-03 23:00:00,2024-06-04 16:30:00,18605.450781249998,18590.799609375,-0.000819715257335595,window,1
2024-06-04 23:00:00,2024-06-05 16:30:00,18651.149999999998,18800.799609375,0.007991443389549862,window,1
2024-06-05 23:00:00,2024-06-06 16:30:00,19031.749609374998,19056.50078125,0.0012689937799048227,window,1
2024-06-06 23:00:00,2024-06-07 16:30:00,19026.149999999998,19000.299609375,-0.0013902124510212046,window,1
2024-06-07 23:00:00,2024-06-10 16:30:00,19006.249609374998,18952.100390625,-0.002880590325562785,window,3
2024-06-10 23:00:00,2024-06-11 16:30:00,19075.950781249998,19020.799609375,-0.0029225894171312104,window,1
2024-06-11 23:00:00,2024-06-12 16:30:00,19209.950781249998,19370.50078125,0.008326413837359917,window,1
2024-06-12 23:00:00,2024-06-13 16:30:00,19460.050390624998,19606.799609375,0.007510217898531815,window,1
2024-06-13 23:00:00,2024-06-14 16:30:00,19563.149999999998,19556.50078125,-0.0003705547802883018,window,1
2024-06-14 23:00:00,2024-06-17 16:30:00,19666.550390624998,19673.600390625,0.00032796804075399066,window,3
2024-06-17 23:00:00,2024-06-18 16:30:00,19905.849218749998,19910.100390625,0.00018342206026376144,window,1
2024-06-18 23:00:00,2024-06-19 16:30:00,19911.550390624998,19955.39921875,0.0021720472427584473,window,1
2024-06-20 23:00:00,2024-06-21 16:30:00,19756.249609374998,19748.799609375,-0.0004074659998311166,window,1
2024-06-21 23:00:00,2024-06-24 16:30:00,19704.050390624998,19649.00078125,-0.0028242725871973334,window,3
2024-06-24 23:00:00,2024-06-25 16:30:00,19478.050390624998,19563.7,0.004366433378565354,window,1
2024-06-25 23:00:00,2024-06-26 16:30:00,19700.749609374998,19664.100390625,-0.0018907513413738987,window,1
2024-06-26 23:00:00,2024-06-27 16:30:00,19744.349218749998,19734.2,-0.0005444200075122869,window,1
2024-06-27 23:00:00,2024-06-28 16:30:00,19791.550390624998,19821.299609375,0.0014728112843453902,window,1
2024-06-28 23:00:00,2024-07-01 16:30:00,19687.050390624998,19727.00078125,0.0019987956470991523,window,3
2024-07-01 23:00:00,2024-07-02 16:30:00,19805.349218749998,19742.299609375,-0.0032137584988776225,window,1
2024-07-02 23:00:00,2024-07-03 16:30:00,20013.550390624998,19978.600390625,-0.0017762965244112747,window,1
2024-07-05 23:00:00,2024-07-08 16:30:00,20388.450781249998,20399.299609375,0.000502678120812795,window,3
2024-07-08 23:00:00,2024-07-09 16:30:00,20438.749609374998,20496.2,0.002781500420110159,window,1
2024-07-09 23:00:00,2024-07-10 16:30:00,20454.849218749998,20534.100390625,0.003845111300204896,window,1
2024-07-10 23:00:00,2024-07-11 16:30:00,20668.249609374998,20672.2,0.00016210325926599962,window,1
2024-07-11 23:00:00,2024-07-12 16:30:00,20206.825,20226.299609375,0.0009340710069493847,window,1
2024-07-12 23:00:00,2024-07-15 16:30:00,20325.325,20405.7,0.003924906489810125,window,3
2024-07-15 23:00:00,2024-07-16 16:30:00,20391.225390625,20451.00078125,0.0029020026747488296,window,1
2024-07-16 23:00:00,2024-07-17 16:30:00,20402.725390625,20065.39921875,-0.016562795675830456,window,1
2024-07-17 23:00:00,2024-07-18 16:30:00,19800.825,19951.299609375,0.00756910933635341,window,1
2024-07-18 23:00:00,2024-07-19 16:30:00,19708.12578125,19683.799609375,-0.0012647662264625066,window,1
2024-07-19 23:00:00,2024-07-22 16:30:00,19526.52421875,19777.100390625,0.012801877542290133,window,3
2024-07-22 23:00:00,2024-07-23 16:30:00,19820.12578125,19784.100390625,-0.0018478889099507085,window,1
2024-07-23 23:00:00,2024-07-24 16:30:00,19752.825,19471.299609375,-0.014282786924148824,window,1
2024-07-24 23:00:00,2024-07-25 16:30:00,19037.825,19052.7,0.0007498230496393363,window,1
2024-08-19 23:00:00,2024-08-20 16:30:00,19765.62578125,19728.799609375,-0.0018934979488735987,window,1
2024-08-20 23:00:00,2024-08-21 16:30:00,19721.149999999998,19754.89921875,0.0016808968417157677,window,1
2024-08-21 23:00:00,2024-08-22 16:30:00,19818.550390624998,19912.39921875,0.004705128593517793,window,1
2024-08-22 23:00:00,2024-08-23 16:30:00,19501.149999999998,19672.600390625,0.008761041816764802,window,1
2024-08-23 23:00:00,2024-08-26 16:30:00,19710.649999999998,19691.799609375,-0.0009867960024147904,window,3
2024-08-26 23:00:00,2024-08-27 16:30:00,19523.550390624998,19455.299609375,-0.0035265502366341375,window,1
2024-08-28 23:00:00,2024-08-29 16:30:00,19357.149999999998,19434.799609375,0.0039804211557488015,window,1
2024-09-03 23:00:00,2024-09-04 16:30:00,18964.050390624998,18833.00078125,-0.0069420617781146025,window,1
2024-09-13 23:00:00,2024-09-16 16:30:00,19508.249609374998,19424.600390625,-0.004318645723576851,window,3
2024-09-16 23:00:00,2024-09-17 16:30:00,19430.550390624998,19552.100390625,0.006224733606020744,window,1
2024-09-17 23:00:00,2024-09-18 16:30:00,19439.450781249998,19490.89921875,0.002615734264933448,window,1
2024-09-18 23:00:00,2024-09-19 16:30:00,19346.550390624998,19811.799609375,0.024017161166631745,window,1
2024-09-19 23:00:00,2024-09-20 16:30:00,19842.249609374998,19801.39921875,-0.002088996532198282,window,1
2024-09-20 23:00:00,2024-09-23 16:30:00,19793.450781249998,19847.89921875,0.0027205179175231347,window,3
2024-09-23 23:00:00,2024-09-24 16:30:00,19849.649999999998,19908.799609375,0.002949654496427036,window,1
2024-09-24 23:00:00,2024-09-25 16:30:00,19945.849218749998,19920.100390625,-0.0013210181143968542,window,1
2024-09-25 23:00:00,2024-09-26 16:30:00,19973.749609374998,20285.799609375,0.01559296607252045,window,1
2024-09-26 23:00:00,2024-09-27 16:30:00,20122.349218749998,20159.799609375,0.001831316523950679,window,1
2024-09-27 23:00:00,2024-09-30 16:30:00,20007.950781249998,19971.00078125,-0.0018767539170071446,window,3
2024-09-30 23:00:00,2024-10-01 16:30:00,20067.050390624998,20046.799609375,-0.0010390556082790442,window,1
2024-10-01 23:00:00,2024-10-02 16:30:00,19775.249609374998,19737.00078125,-0.0019645177124125775,window,1
2024-10-02 23:00:00,2024-10-03 16:30:00,19803.249609374998,19710.2,-0.004729002119463399,window,1
2024-10-03 23:00:00,2024-10-04 16:30:00,19785.149999999998,20027.100390625,0.012198562589871845,window,1
2024-10-04 23:00:00,2024-10-07 16:30:00,20027.950781249998,19946.299609375,-0.004106819153560131,window,3
2024-10-07 23:00:00,2024-10-08 16:30:00,19809.349218749998,19913.50078125,0.005227408601691418,window,1
2024-10-08 23:00:00,2024-10-09 16:30:00,20112.950781249998,20097.50078125,-0.0007979933016571325,window,1
2024-10-09 23:00:00,2024-10-10 16:30:00,20276.950781249998,20177.50078125,-0.004934173835077454,window,1
2024-10-10 23:00:00,2024-10-11 16:30:00,20247.349218749998,20161.00078125,-0.004294312137387285,window,1
2024-10-11 23:00:00,2024-10-14 16:30:00,20270.349218749998,20380.7,0.005414350787231818,window,3
2024-10-14 23:00:00,2024-10-15 16:30:00,20452.149999999998,20463.600390625,0.0005305256721177437,window,1
2024-10-15 23:00:00,2024-10-16 16:30:00,20177.050390624998,20188.600390625,0.0005426957750519711,window,1
2024-10-16 23:00:00,2024-10-17 16:30:00,20182.950781249998,20411.89921875,0.011313927283226546,window,1
2024-10-17 23:00:00,2024-10-18 16:30:00,20202.149999999998,20309.50078125,0.005284129721341685,window,1
2024-10-18 23:00:00,2024-10-21 16:30:00,20325.749609374998,20278.600390625,-0.0023491984142111717,window,3
2024-10-21 23:00:00,2024-10-22 16:30:00,20372.450781249998,20256.100390625,-0.005740614709577977,window,1
2024-10-22 23:00:00,2024-10-23 16:30:00,20395.749609374998,20291.00078125,-0.005165234430833228,window,1
2024-10-23 23:00:00,2024-10-24 16:30:00,20075.950781249998,20230.39921875,0.007663320117505477,window,1
2024-10-24 23:00:00,2024-10-25 16:30:00,20240.950781249998,20353.50078125,0.0055308666677707,window,1
2024-10-25 23:00:00,2024-10-28 16:30:00,20358.450781249998,20497.39921875,0.0067956269849089364,window,3
2024-10-28 23:00:00,2024-10-29 16:30:00,20372.749609374998,20384.600390625,0.0005522465776944316,window,1
2024-10-29 23:00:00,2024-10-30 16:30:00,20570.149999999998,20538.39921875,-0.0015727051698697916,window,1
2024-10-30 23:00:00,2024-10-31 16:30:00,20415.950781249998,20243.7,-0.008466457580253533,window,1
2024-10-31 23:00:00,2024-11-01 16:30:00,19893.550390624998,19949.39921875,0.0027772231220747497,window,1
2024-11-01 23:00:00,2024-11-04 16:30:00,20028.249609374998,20011.100390625,-0.0008862091843357535,window,3
2024-11-04 23:00:00,2024-11-05 16:30:00,19975.649999999998,20044.600390625,0.0034216854332651462,window,1
2024-11-05 23:00:00,2024-11-06 16:30:00,20235.050390624998,20579.89921875,0.01701250164835246,window,1
2024-11-06 23:00:00,2024-11-07 16:30:00,20790.450781249998,20903.799609375,0.0054231064689894155,window,1
2024-11-07 23:00:00,2024-11-08 16:30:00,21120.550390624998,21084.299609375,-0.00174478318833748,window,1
2024-11-08 23:00:00,2024-11-11 16:30:00,21132.950781249998,21190.100390625,0.002675897462704356,window,3
2024-11-11 23:00:00,2024-11-12 16:30:00,21128.550390624998,21123.799609375,-0.0002532488576391544,window,1
2024-11-12 23:00:00,2024-11-13 16:30:00,21097.149999999998,21070.600390625,-0.0012868851657686984,window,1
2024-11-13 23:00:00,2024-11-14 16:30:00,21071.950781249998,21053.100390625,-0.000923046509880054,window,1
2024-11-14 23:00:00,2024-11-15 16:30:00,20925.649999999998,20678.799609375,-0.011825218840274836,window,1
2024-11-15 23:00:00,2024-11-18 16:30:00,20409.450781249998,20481.299609375,0.003490972338680404,window,3
2024-11-18 23:00:00,2024-11-19 16:30:00,20555.050390624998,20444.89921875,-0.005388027261928283,window,1
2024-11-19 23:00:00,2024-11-20 16:30:00,20693.249609374998,20681.39921875,-0.0006016643523865139,window,1
2024-11-20 23:00:00,2024-11-21 16:30:00,20682.649999999998,20803.7,0.005823721815144719,window,1
2024-11-21 23:00:00,2024-11-22 16:30:00,20752.149999999998,20721.299609375,-0.0015155244456597071,window,1
2024-11-22 23:00:00,2024-11-25 16:30:00,20779.249609374998,20955.00078125,0.008429138451466494,window,3
2024-11-25 23:00:00,2024-11-26 16:30:00,20818.849218749998,20880.00078125,0.002908497096250094,window,1
2024-11-26 23:00:00,2024-11-27 16:30:00,20933.349218749998,20881.100390625,-0.0025246236315429353,window,1
2024-11-27 23:00:00,2024-11-28 16:30:00,20761.249609374998,20821.299609375,0.002863507790646548,window,1
2024-12-02 23:00:00,2024-12-03 16:30:00,21176.349218749998,21118.2,-0.0027742845635535356,window,1
2024-12-03 23:00:00,2024-12-04 16:30:00,21241.050390624998,21381.50078125,0.006583967744209468,window,1
2024-12-04 23:00:00,2024-12-05 16:30:00,21501.849218749998,21500.799609375,-7.671941879113359e-05,window,1
2024-12-05 23:00:00,2024-12-06 16:30:00,21440.950781249998,21457.2,0.0007298752238024851,window,1
2024-12-06 23:00:00,2024-12-09 16:30:00,21624.149999999998,21586.799609375,-0.0017550003410537337,window,3
2024-12-09 23:00:00,2024-12-10 16:30:00,21458.749609374998,21508.100390625,0.002271836995977829,window,1
2024-12-10 23:00:00,2024-12-11 16:30:00,21383.749609374998,21566.89921875,0.00853683814624214,window,1
2024-12-11 23:00:00,2024-12-12 16:30:00,21769.149999999998,21674.50078125,-0.00437542204220179,window,1
2024-12-12 23:00:00,2024-12-13 16:30:00,21627.249609374998,21777.100390625,0.006901052327305899,window,1
2024-12-13 23:00:00,2024-12-16 16:30:00,21777.950781249998,21888.50078125,0.005048684382860566,window,3
2024-12-16 23:00:00,2024-12-17 16:30:00,22100.849218749998,22025.100390625,-0.0034545653594262793,window,1
2024-12-17 23:00:00,2024-12-18 16:30:00,22009.849218749998,21977.299609375,-0.0015061261458691514,window,1
2024-12-18 23:00:00,2024-12-19 16:30:00,21195.050390624998,21377.600390625,0.008584551423406056,window,1
2024-12-19 23:00:00,2024-12-20 16:30:00,21078.450781249998,20914.89921875,-0.007787648352506794,window,1
2024-12-20 23:00:00,2024-12-23 16:30:00,21270.249609374998,21331.2,0.002837314640558007,window,3
2024-12-23 23:00:00,2024-12-24 16:30:00,21466.050390624998,21540.2,0.0034263224038235136,window,1
2024-12-26 23:00:00,2024-12-27 16:30:00,21729.849218749998,21570.89921875,-0.007342434749263076,window,1
2024-12-27 23:00:00,2024-12-30 16:30:00,21429.249609374998,21144.39921875,-0.013320596653095894,window,3
2024-12-30 23:00:00,2024-12-31 16:30:00,21148.550390624998,21199.00078125,0.002357154022580254,window,1
2025-01-06 23:00:00,2025-01-07 16:30:00,21509.349218749998,21555.50078125,0.002117756424740874,window,1
2025-01-07 23:00:00,2025-01-08 16:30:00,21122.050390624998,21116.00078125,-0.00031481836526384355,window,1
2025-01-08 23:00:00,2025-01-09 16:30:00,21125.749609374998,21069.100390625,-0.0027099260290669894,window,1
2025-01-16 23:00:00,2025-01-17 16:30:00,21042.550390624998,21449.100390625,0.019291863032955558,window,1
2025-01-21 23:00:00,2025-01-22 16:30:00,21528.349218749998,21729.89921875,0.009334203842484429,window,1
2025-01-22 23:00:00,2025-01-23 16:30:00,21814.550390624998,21708.89921875,-0.004870656051690137,window,1
2025-01-23 23:00:00,2025-01-24 16:30:00,21863.249609374998,21867.7,0.00017611245783663633,window,1
2025-01-24 23:00:00,2025-01-27 16:30:00,21732.450781249998,20958.100390625,-0.03565867459797021,window,3
2025-01-27 23:00:00,2025-01-28 16:30:00,21094.649999999998,21139.39921875,0.0020929107024768327,window,1
2025-01-29 23:00:00,2025-01-30 16:30:00,21374.149999999998,21495.50078125,0.005649384010592371,window,1
2025-01-30 23:00:00,2025-01-31 16:30:00,21468.450781249998,21624.2,0.007226847448419814,window,1
2025-01-31 23:00:00,2025-02-03 16:30:00,21428.550390624998,21075.7,-0.016494367756189045,window,3
2025-02-03 23:00:00,2025-02-04 16:30:00,21264.849218749998,21283.7,0.0008582605530026766,window,1
2025-02-04 23:00:00,2025-02-05 16:30:00,21531.649999999998,21417.50078125,-0.005329327698991814,window,1
2025-02-05 23:00:00,2025-02-06 16:30:00,21627.649999999998,21649.00078125,0.0009594561244519359,window,1
2025-02-06 23:00:00,2025-02-07 16:30:00,21741.749609374998,21758.2,0.000729030133718781,window,1
2025-02-07 23:00:00,2025-02-10 16:30:00,21461.550390624998,21644.7,0.008505891049453058,window,3
2025-02-10 23:00:00,2025-02-11 16:30:00,21725.349218749998,21589.2,-0.006294454343315047,window,1
2025-02-11 23:00:00,2025-02-12 16:30:00,21675.450781249998,21438.799609375,-0.010945616507326686,window,1
2025-02-12 23:00:00,2025-02-13 16:30:00,21690.349218749998,21760.89921875,0.003224936551023132,window,1
2025-02-13 23:00:00,2025-02-14 16:30:00,22002.349218749998,22000.2,-0.00012495114601918306,window,1
2025-02-14 23:00:00,2025-02-17 16:30:00,22087.249609374998,22143.89921875,0.002537645490781817,window,3
2025-02-18 23:00:00,2025-02-19 16:30:00,22146.749609374998,22117.7,-0.0013387792745191843,window,1
2025-02-19 23:00:00,2025-02-20 16:30:00,22158.849218749998,22121.00078125,-0.0017351278994878238,window,1
2025-02-20 23:00:00,2025-02-21 16:30:00,22056.950781249998,22097.299609375,0.00180209986952468,window,1
2025-02-21 23:00:00,2025-02-24 16:30:00,21596.349218749998,21675.299609375,0.0036279460862291913,window,3
2025-02-24 23:00:00,2025-02-25 16:30:00,21346.450781249998,21316.799609375,-0.001417152302506827,window,1
2025-05-01 23:00:00,2025-05-02 16:30:00,19771.950781249998,19985.00078125,0.01074501966702608,window,1
2025-05-02 23:00:00,2025-05-05 16:30:00,20079.849218749998,19914.299609375,-0.008274445070028278,window,3
2025-05-05 23:00:00,2025-05-06 16:30:00,19968.649999999998,19702.00078125,-0.013383439478883005,window,1
2025-05-06 23:00:00,2025-05-07 16:30:00,19781.450781249998,19805.7,0.001195524990129592,window,1
2025-05-07 23:00:00,2025-05-08 16:30:00,19858.950781249998,20074.100390625,0.01080367295021305,window,1
2025-05-08 23:00:00,2025-05-09 16:30:00,20064.849218749998,20142.2,0.003825136207765848,window,1
2025-05-09 23:00:00,2025-05-12 16:30:00,20050.950781249998,20838.2,0.039232514574102526,window,3
2025-05-12 23:00:00,2025-05-13 16:30:00,20869.050390624998,20925.2,0.0026618177796895568,window,1
2025-05-13 23:00:00,2025-05-14 16:30:00,21191.649999999998,21238.100390625,0.0021636064499462246,window,1
2025-05-14 23:00:00,2025-05-15 16:30:00,21321.349218749998,21225.7,-0.004514218015122398,window,1
2025-05-15 23:00:00,2025-05-16 16:30:00,21342.249609374998,21389.00078125,0.0021624323920722073,window,1
2025-05-16 23:00:00,2025-05-19 16:30:00,21426.249609374998,21131.299609375,-0.013793827916140769,window,3
2025-05-19 23:00:00,2025-05-20 16:30:00,21452.050390624998,21342.799609375,-0.005120759053316611,window,1
2025-05-20 23:00:00,2025-05-21 16:30:00,21379.149999999998,21211.299609375,-0.007879190268322038,window,1
2025-05-21 23:00:00,2025-05-22 16:30:00,21083.149999999998,21106.00078125,0.001055382200952083,window,1
2025-05-22 23:00:00,2025-05-23 16:30:00,21122.249609374998,20786.799609375,-0.015909763695380396,window,1
2025-05-23 23:00:00,2025-05-26 16:30:00,20916.950781249998,21206.2,0.0137997752047468,window,3
2025-05-27 23:00:00,2025-05-28 16:30:00,21415.450781249998,21455.100390625,0.0018234315856284593,window,1
2025-05-28 23:00:00,2025-05-29 16:30:00,21324.749609374998,21627.00078125,0.014145590330513802,window,1
2025-05-29 23:00:00,2025-05-30 16:30:00,21365.450781249998,21336.600390625,-0.0013784118540968167,window,1
